Workbook

Sheet 사용안내
A1: Scalyo 손익분기 시뮬레이터
A2: 작성 기준일: 2026-09-24 · 요금은 코드(functions/api/_config/prices.js) 기준 seat당 월 과금
A4: 무엇을 알 수 있나
A5: ① ‘손익분기계산기’: 평균 고객사 수 × 고객사당 seat 수를 넣으면 월 순이익, 필요한 CS 인력, Enterprise 1곳당 이익, 손익분기 고객사·seat 수가 나옵니다.
A6: ② ‘결과요약’: 성장 가정대로 가면 언제 월 순이익 흑자·누적 손익분기·자금 소진·추가 CS 채용이 오는지 보여줍니다.
A7: ③ ‘월별전망’ / ‘연도별요약’: 60개월 월별 손익과 5개년 요약 (법인세 누진세율·이월결손금 반영).
A9: 순이익 정의 (요청 기준)
A10: 매출 − 결제 수수료 − seat 변동비(플랜별 AI 비용 포함) − 인건비(직원 3명) − 추가 CS 인력 − Enterprise 전담 CSM·유지보수·구축비 − 월세 − 기타 고정비 = 세전이익
A11: 세전이익 − 법인세·지방소득세 = 세후이익 → 세후이익 − 투자자 지분 6% = 순이익
A13: 플랜별로 달라지는 비용
A14: • AI 비용: seat당 월 비용을 플랜별로 입력. Elite부터 AI 이메일 스튜디오·자동 플레이북 때문에 크게 늘어납니다.
A15: • 고객 대응 시간: 이메일(seat 단위), 전화·정기 미팅(고객사 단위), 온보딩(신규 1회). 높은 플랜일수록 많습니다. 기존 3명이 감당 못 하면 추가 CS 인력이 자동으로 비용에 들어갑니다.
... A35: • 14일 무료체험, 연간 할인, 환불, 창업자 급여, 감가상각, 정부지원금은 반영하지 않았습니다.

Sheet 결과요약
A1: 결과 요약 — 언제 순이익이 나는가
A2: ‘입력값’ 시트의 가정(특히 8~10번)을 바꾸면 자동으로 다시 계산됩니다.
A4: 지표 | B4: 개월차 | C4: 시점 | D4: 비고
A5: 첫 월 순이익 흑자 | B5: =IF(MIN(월별전망!$C$46:$BJ$46)=9999,"60개월 내 없음",MIN(월별전망!$C$46:$BJ$46)) | C5: =IF(ISNUMBER(B5),EDATE(입력값!$B$67,B5-1),"—") | D5: 세금·투자자 6%·인건비·월세·CS·전담 CSM을 모두 뺀 월 순이익이 처음 0보다 커지는 달
A6: 누적 손익분기 (초기 적자 전액 회수) | B6: =IF(MIN(월별전망!$C$47:$BJ$47)=9999,"60개월 내 없음",MIN(월별전망!$C$47:$BJ$47)) | C6: =IF(ISNUMBER(B6),EDATE(입력값!$B$67,B6-1),"—") | D6: 그동안의 누적 적자를 모두 메워 누적 순이익이 0 이상이 되는 달
A7: 현금 소진 (현금 잔액 < 0) | B7: =IF(MIN(월별전망!$C$48:$BJ$48)=9999,"60개월 내 없음",MIN(월별전망!$C$48:$BJ$48)) | C7: =IF(ISNUMBER(B7),EDATE(입력값!$B$67,B7-1),"—") | D7: 시작 현금(보증금 차감 후)으로 버틸 수 있는 한계. ‘없음’이면 60개월 내 자금 부족 없음
A8: 추가 CS 인력 첫 필요 시점 | B8: =IF(MIN(월별전망!$C$49:$BJ$49)=9999,"60개월 내 없음",MIN(월별전망!$C$49:$BJ$49)) | C8: =IF(ISNUMBER(B8),EDATE(입력값!$B$67,B8-1),"—") | D8: 셀프서브 고객 대응 시간이 기존 3명의 가능 시간을 처음 넘는 달
A9: 최저 현금 잔액 | B9: =MIN(월별전망!$C$44:$BJ$44) | C9: =INDEX(월별전망!$C$5:$BJ$5,MATCH(B9,월별전망!$C$44:$BJ$44,0)) | D9: 필요한 최소 자금 = 시작 현금 − 최저 현금 잔액 (보증금 포함)
A10: 필요 최소 자금 | B10: =MAX(0,입력값!$B$72-B9)
A11: 첫 흑자 월의 고객사 수 / seat 수 | B11: =IF(ISNUMBER(B5),INDEX(월별전망!$C$10:$BJ$10,B5)+INDEX(월별전망!$C$11:$BJ$11,B5),"—") | C11: =IF(ISNUMBER(B5),INDEX(월별전망!$C$17:$BJ$17,B5),"—") | D11: 고객사 수(B, Enterprise 포함) · 총 seat(C)
A12: 최대 CS 가동률 | B12: =MAX(월별전망!$C$21:$BJ$21) | D12: 100%를 넘으면 그만큼 추가 인력이 필요했다는 뜻
A14: 연차 | B14: 매출 (원) | C14: 순이익 (원) | D14: 순이익률
A15: =연도별요약!B4 | B15: =연도별요약!B11 | C15: =연도별요약!B22 | D15: =연도별요약!B23
A16: =연도별요약!C4 | B16: =연도별요약!C11 | C16: =연도별요약!C22 | D16: =연도별요약!C23
A17: =연도별요약!D4 | B17: =연도별요약!D11 | C17: =연도별요약!D22 | D17: =연도별요약!D23
A18: =연도별요약!E4 | B18: =연도별요약!E11 | C18: =연도별요약!E22 | D18: =연도별요약!E23
A19: =연도별요약!F4 | B19: =연도별요약!F11 | C19: =연도별요약!F22 | D19: =연도별요약!F23

Sheet 입력값
A1: 입력값 — 노란 칸(파란 글씨)만 수정하세요
A2: 모든 금액은 원(KRW) 기준. 예시값은 가정이며, 실제 값으로 바꿔 넣어야 합니다.
A4: 1. Scalyo 요금제 (seat당 월 요금) — 출처: app-v2/frontend/functions/api/_config/prices.js, src/config/plans.config.js
A5: 플랜 | B5: KRW / seat | C5: EUR / seat | D5: USD / seat | E5: 최대 seat | F5: 적용 단가 (원/seat) | G5: 비고
A6: Starter | B6: 139000 | C6: 79 | D6: 89 | E6: 3 | F6: =IF(입력값!$B$12="EUR",C6*입력값!$B$13,IF(입력값!$B$12="USD",D6*입력값!$B$14,B6)) | G6: 코드 기준 가격. 최대 고객사 50개, seat 3개
A7: Growth | B7: 209000 | C7: 119 | D7: 139 | E7: 7 | F7: =IF(입력값!$B$12="EUR",C7*입력값!$B$13,IF(입력값!$B$12="USD",D7*입력값!$B$14,B7)) | G7: 코드 기준 가격. 고객사 무제한, seat 7개
A8: Elite | B8: 279000 | C8: 159 | D8: 189 | E8: 24 | F8: =IF(입력값!$B$12="EUR",C8*입력값!$B$13,IF(입력값!$B$12="USD",D8*입력값!$B$14,B8)) | G8: 코드 기준 가격. 고객사 무제한, seat 24개
A9: Enterprise | B9: 279000 | C9: 159 | D9: 189 | E9: 무제한 | F9: =IF(입력값!$B$12="EUR",C9*입력값!$B$13,IF(입력값!$B$12="USD",D9*입력값!$B$14,B9)) | G9: 코드에 가격 없음(별도 협의). Elite 가격을 임시 가정 — 실제 계약 단가로 수정
A11: 2. 매출 조건
A12: 청구 통화 | B12: KRW | G12: KRW / EUR / USD 중 선택. 해외 고객이 EUR·USD로 결제하면 환율로 원화 환산
A13: 환율: 1 EUR = ? 원 | B13: 1600 | G13: 가정값 — 최신 환율로 수정
A14: 환율: 1 USD = ? 원 | B14: 1400 | G14: 가정값 — 최신 환율로 수정
A15: 요금에 부가세 포함 여부 | B15: 별도 | G15: ‘별도’: 표시 가격 전액이 매출(B2B 관행). ‘포함’: 가격 ÷ (1+부가세율)만 매출
A16: 부가세율 | B16: 0.1 | G16: 대한민국 부가가치세 10%
A17: 결제 수수료율 (Stripe 등) | B17: 0.035 | G17: 가정값 — 해외카드·환전 수수료 포함 추정. 실제 정산 내역으로 수정
A18: 매출 인식 비율 (부가세 반영) | B18: =IF(입력값!$B$15="포함",1/(1+입력값!$B$16),1) | G18: 계산값: 표시 가격 중 회사 매출로 잡히는 비율
A20: 3. 변동비 — seat당 월 비용 (플랜이 높을수록 AI 사용량 증가)
A21: 항목 | B21: Starter | C21: Growth | D21: Elite | E21: Enterprise | G21: 비고
A22: AI 비용 (Mistral 등, seat당 월) | B22: 3000 | C22: 6000 | D22: 15000 | E22: 20000 | G22: 가정값 — Elite부터 AI 이메일 스튜디오·자동 플레이북으로 AI 호출이 크게 늘어남. 실제 청구서로 수정
A23: 기타 변동비 (DB·이메일·스토리지, seat당 월) | B23: 2000 | C23: 2000 | D23: 2000 | E23: 2000 | G23: 가정값 — Supabase·Resend·스토리지 사용량을 seat 수로 나눈 추정
A24: → seat당 월 변동비 합계 | B24: =B22+B23 | C24: =C22+C23 | D24: =D22+D23 | E24: =E22+E23
A26: 4. 월 고정비 (인건비 제외)
A27: 월세 (관리비 포함) | B27: 1500000 | G27: 가정값 — 실제 계약서 금액으로 수정
A28: 인프라·SaaS 도구 고정비 | B28: 500000 | G28: 가정값 — Cloudflare, Supabase 기본 요금, 도메인, 협업툴 등
A29: 마케팅·영업비 | B29: 2000000 | G29: 가정값
A30: 기타 (세무기장·보험·통신 등) | B30: 700000 | G30: 가정값
A31: 인건비 제외 고정비 합계 (월) | B31: =SUM(B27:B30)
A33: 4-1. 초기 비용 (1회)
A34: 사무실 보증금 | B34: 15000000 | G34: 1개월차에 현금에서만 빠짐. 돌려받는 돈이라 비용(손익)이 아님. 60개월 안에 반환되지 않는다고 가정
A35: 기타 초기 비용 (집기·PC·법인 설립 등) | B35: 0 | G35: 1개월차 비용으로 한 번에 처리(감가상각 생략). 없으면 0
A37: 5. 인건비 — 직원 3명
A38: 직원 | B38: 연봉 (원) | G38: 비고
A39: 직원 1 | B39: 50000000 | G39: 가정값 — 세전 연봉(비과세 포함 총액)
A40: 직원 2 | B40: 50000000 | G40: 가정값 — 세전 연봉(비과세 포함 총액)
A41: 직원 3 | B41: 50000000 | G41: 가정값 — 세전 연봉(비과세 포함 총액)
A42: 연봉 합계 | B42: =SUM(B39:B41)
A43: 국민연금 (사업주 부담) | B43: 0.0475 | G43: 2026년 요율 9.5%의 절반 — 확인 필요
A44: 건강보험 (사업주 부담) | B44: 0.03595 | G44: 2026년 요율 7.19%의 절반 — 확인 필요
A45: 장기요양보험 (건강보험료 대비) | B45: 0.1314 | G45: 건강보험료 × 이 비율. 2026년 추정 — 확인 필요
A46: 고용보험 (사업주 부담) | B46: 0.0115 | G46: 실업급여 0.9% + 고용안정·직업능력 0.25% (150인 미만)
A47: 산재보험 | B47: 0.007 | G47: 업종별 상이 — 소프트웨어 개발업 추정치
A48: 퇴직금 적립 | B48: 0.083333333 | G48: 연봉의 1/12
A49: 연간 급여 인상률 | B49: 0.03 | G49: 가정값 — 매 12개월마다 적용 (추가 CS·전담 CSM 포함)
A50: 사업주 부담률 합계 | B50: =입력값!$B$43+입력값!$B$44*(1+입력값!$B$45)+입력값!$B$46+입력값!$B$47+입력값!$B$48
A51: 월 인건비 (1년차, 사업주 부담 포함) | B51: =입력값!$B$42*(1+입력값!$B$50)/12 | G51: 3명 연봉 합계 × (1 + 사업주 부담률) ÷ 12
A53: 6. 대한민국 세금 — 법인 기준 (법인세 + 지방소득세)
A54: 과세표준 구간 상한 (원) | B54: 세율 | G54: 비고
A55: 200000000 | B55: 0.1 | G55: 2026 사업연도 누진세율(2억 이하 10%) — 세법 개정 여부를 세무사와 확인
A56: 20000000000 | B56: 0.2
A57: 300000000000 | B57: 0.22
A58: 초과분 | B58: 0.25
A59: 지방소득세 (법인세의 %) | B59: 0.1 | G59: 법인세액의 10%
A60: 창업중소기업 세액감면율 | B60: 0 | G60: 청년창업·수도권 외 지역 등 요건 충족 시 50~100%. 해당 없으면 0%
A61: 이월결손금 공제 한도 (소득 대비) | B61: 1 | G61: 중소기업 100%, 일반법인 80%
A63: 7. 투자자 지분
A64: 투자자 지분율 | B64: 0.06 | G64: 사용자 제공값. 세후이익이 양(+)일 때만 세후이익 × 지분율을 투자자 몫으로 차감
A66: 8. 성장 가정 — 셀프서브 플랜(Starter·Growth·Elite), ‘월별전망’에서 사용
A67: 시작 월 | B67: 46296 | G67: 첫 달(1개월차)
A68: 시작 시점 유료 고객사 수 (셀프서브) | B68: 3 | G68: 가정값
A69: 월 신규 고객사 수 (1개월차) | B69: 2 | G69: 가정값
A70: 신규 고객사 수 월 증가율 | B70: 0.03 | G70: 가정값 — 영업·마케팅 성장 속도
A71: 월 이탈률 (고객사 기준) | B71: 0.02 | G71: 가정값 — B2B SaaS 초기 1~3%/월
A72: 시작 현금 (투자금 포함) | B72: 200000000 | G72: 가정값 — 자금 소진 시점 계산용
A74: 플랜 | B74: 고객사 비중 | C74: 고객사당 평균 seat | G74: 비고
A75: Starter | B75: 0.5 | C75: 2.5 | G75: =IF(AND(ISNUMBER(입력값!$E$6),C75>입력값!$E$6),"⚠ 플랜 최대 seat 초과","")
A76: Growth | B76: 0.35 | C76: 5 | G76: =IF(AND(ISNUMBER(입력값!$E$7),C76>입력값!$E$7),"⚠ 플랜 최대 seat 초과","")
A77: Elite | B77: 0.15 | C77: 12 | G77: =IF(AND(ISNUMBER(입력값!$E$8),C77>입력값!$E$8),"⚠ 플랜 최대 seat 초과","")
A78: 합계 (100%여야 함) | B78: =SUM(B75:B77) | C78: =SUMPRODUCT(B75:B77,C75:C77) | G78: =IF(ABS(B78-1)>0.0001,"⚠ 비중 합계가 100%가 아닙니다","고객사당 평균 seat (가중평균) → C열")
A80: 9. 고객 대응(CS) 시간 — 셀프서브 플랜
A81: 높은 플랜일수록 문의·통화·미팅이 늘어납니다. Enterprise는 전담 CSM이 맡으므로 여기서 제외(10번 참고).
A82: 항목 | B82: Starter | C82: Growth | D82: Elite | G82: 비고
A83: 이메일 문의 (건 / seat / 월) | B83: 0.5 | C83: 0.7 | D83: 1 | G83: 가정값 — 사용자(seat) 수에 비례
A84: 이메일 1건 처리 시간 (분) | B84: 15 | C84: 15 | D84: 15 | G84: 가정값 — 조사·답변 작성 포함. 약속된 응답 시간: 24시간 이내(랜딩 문구)
A85: 전화 상담 (건 / 고객사 / 월) | B85: 0.5 | C85: 1 | D85: 2 | G85: 가정값 — 고객사(관리자) 단위
A86: 전화 1건 시간 (분) | B86: 20 | C86: 30 | D86: 30 | G86: 가정값
A87: 정기 미팅·코칭 (시간 / 고객사 / 월) | B87: 0 | C87: 0.5 | D87: 1.5 | G87: 가정값 — Growth 분기 점검, Elite 월간 코칭 세션(영문 FAQ 문구)·QBR
A88: 온보딩 (시간 / 신규 고객사, 1회) | B88: 2 | C88: 4 | D88: 10 | G88: 가정값 — 신규 계약 달에만 발생
A89: → seat당 월 대응 시간 | B89: =B83*B84/60 | C89: =C83*C84/60 | D89: =D83*D84/60 | G89: 이메일 건수 × 처리 시간
A90: → 고객사당 월 대응 시간 (seat 제외) | B90: =B85*B86/60+B87 | C90: =C85*C86/60+C87 | D90: =D85*D86/60+D87 | G90: 전화 + 정기 미팅
A92: 직원 1의 CS 투입 비율 | B92: 0.5 | G92: 가정값 — 기존 3명이 고객 대응에 쓰는 근무 시간 비율
A93: 직원 2의 CS 투입 비율 | B93: 0.2
A94: 직원 3의 CS 투입 비율 | B94: 0
A95: 1인 월 실근무 시간 | B95: 160 | G95: 주 40시간 × 4.35주 − 휴가 ≈ 160시간
A96: → 기존 인력 CS 가능 시간 (월) | B96: =입력값!$B$95*SUM(B92:B94) | G96: 1인 월 실근무 시간 × 투입 비율 합
A97: 추가 CS 직원 연봉 | B97: 36000000 | G97: 가정값 — 대응 시간이 부족해지면 채용
A98: 추가 CS 직원 1인 월 대응 가능 시간 | B98: 150 | G98: 가정값 — 교육·회의 제외한 실제 대응 시간
A99: 충원 방식 | B99: 정수 | G99: ‘정수’: 정규직을 1명 단위로 채용(올림). ‘비례’: 시간제·외주로 부족한 시간만큼만
A100: → 추가 CS 직원 1인 월 비용 | B100: =입력값!$B$97*(1+입력값!$B$50)/12 | G100: 연봉 × (1 + 사업주 부담률) ÷ 12
A101: → 추가 대응 1시간당 비용 | B101: =입력값!$B$100/입력값!$B$98 | G101: 손익분기 계산에서 사용
A103: 10. Enterprise — 고객사 서버 구축형 + 전담 CSM
A104: Enterprise는 고객사 서버에 직접 구축하고, 고객사마다 전담 CSM을 둡니다. 계약은 건수가 적고 크기 때문에 아래 표에 한 건씩 입력합니다.
A105: 서버 구축비 (우리 부담, 신규 계약 1건당 1회) | B105: 30000000 | G105: 가정값 — 설치·보안 검토·데이터 이전·교육에 드는 엔지니어 시간과 외주비
A106: 구축비 청구액 (고객 부담, 1건당 1회) | B106: 0 | G106: 고객에게 구축비를 따로 받으면 입력. 기본 0 (받지 않음)
A107: 서버 유지보수비 (고객사당 월) | B107: 1000000 | G107: 가정값 — 원격 모니터링·업데이트 배포·장애 대응
A108: 전담 CSM 연봉 | B108: 55000000 | G108: 가정값
A109: 고객사당 전담 CSM (계산기용 기본값) | B109: 1 | G109: 1명 또는 2명. 월별전망은 아래 계약 표의 값을 사용
A110: → 전담 CSM 1인 월 비용 | B110: =입력값!$B$108*(1+입력값!$B$50)/12 | G110: 연봉 × (1 + 사업주 부담률) ÷ 12
A112: 계약 | B112: 시작 개월차 | C112: seat 수 | D112: 전담 CSM (명) | G112: 비고
A113: 계약 1 | B113: 18 | C113: 50 | D113: 1 | G113: 가정값 — 시작 개월차를 비우면 계약 없음. 계약 기간 동안 해지는 없다고 가정
A114: 계약 2 | B114: 30 | C114: 80 | D114: 2
...

Sheet 손익분기계산기
A1: 손익분기 계산기 — 평균 고객사 수와 seat 수를 넣으면 월 순이익이 나옵니다
A2: 노란 칸에 플랜별 ‘평균 고객사 수’와 ‘고객사당 평균 seat’를 입력. 세금은 이 월 손익이 1년 내내 유지된다고 보고 연 환산(이월결손금 미반영). 온보딩·구축비 같은 1회성 비용은 제외.
A4: 1. 입력: 고객사 수와 seat 수
A5: 플랜 | B5: 평균 고객사 수 | C5: 고객사당 평균 seat | D5: 총 seat | E5: 적용 단가 (원/seat) | F5: 월 매출 (원) | G5: 월 공헌이익 (원) | H5: 월 대응 시간
A6: Starter | B6: 10 | C6: 2.5 | D6: =B6*C6 | E6: =입력값!$F$6 | F6: =D6*E6*입력값!$B$18 | G6: =F6*(1-입력값!$B$17)-D6*입력값!$B$24 | H6: =B6*입력값!$B$90+D6*입력값!$B$89 | I6: =IF(AND(ISNUMBER(입력값!$E$6),C6>입력값!$E$6),"⚠ 최대 seat 초과","")
A7: Growth | B7: 8 | C7: 5 | D7: =B7*C7 | E7: =입력값!$F$7 | F7: =D7*E7*입력값!$B$18 | G7: =F7*(1-입력값!$B$17)-D7*입력값!$C$24 | H7: =B7*입력값!$C$90+D7*입력값!$C$89 | I7: =IF(AND(ISNUMBER(입력값!$E$7),C7>입력값!$E$7),"⚠ 최대 seat 초과","")
A8: Elite | B8: 3 | C8: 12 | D8: =B8*C8 | E8: =입력값!$F$8 | F8: =D8*E8*입력값!$B$18 | G8: =F8*(1-입력값!$B$17)-D8*입력값!$D$24 | H8: =B8*입력값!$D$90+D8*입력값!$D$89 | I8: =IF(AND(ISNUMBER(입력값!$E$8),C8>입력값!$E$8),"⚠ 최대 seat 초과","")
A9: Enterprise | B9: 0 | C9: 50 | D9: =B9*C9 | E9: =입력값!$F$9 | F9: =D9*E9*입력값!$B$18 | G9: =F9*(1-입력값!$B$17)-D9*입력값!$E$24 | H9: 전담 CSM | I9: =IF(AND(ISNUMBER(입력값!$E$9),C9>입력값!$E$9),"⚠ 최대 seat 초과","")
A10: 합계 | B10: =SUM(B6:B9) | C10: =IF(B10>0,D10/B10,0) | D10: =SUM(D6:D9) | F10: =SUM(F6:F9) | G10: =SUM(G6:G9) | H10: =SUM(H6:H9)
C11: ↑ 고객사당 평균 seat
A13: 2. 고객 대응 인력 (셀프서브 플랜)
A14: 필요 대응 시간 (월) | B14: =H10
A15: → 기존 인력 CS 가능 시간 (월) | B15: =입력값!$B$96
A16: CS 가동률 (필요 ÷ 가능) | B16: =IF(손익분기계산기!$B$15>0,손익분기계산기!$B$14/손익분기계산기!$B$15,0)
A17: 추가 CS 인력 (명) | B17: =IF(입력값!$B$99="비례",MAX(0,손익분기계산기!$B$14-손익분기계산기!$B$15)/입력값!$B$98,ROUNDUP(MAX(0,손익분기계산기!$B$14-손익분기계산기!$B$15)/입력값!$B$98,0))
A18: 추가 CS 인력 월 비용 | B18: =손익분기계산기!$B$17*입력값!$B$100
A19: 현재 인력으로 감당 가능한 최대 고객사 수 | B19: =IF(H10>0,손익분기계산기!$B$15/(H10/SUM(B6:B8)),"—") | G19: 현재 플랜 구성 기준. 넘으면 추가 채용 필요
A21: 3. Enterprise (서버 구축 + 전담 CSM)
A22: Enterprise 고객사 수 | B22: =B9
A23: 전담 CSM (명) | B23: =B9*입력값!$B$109
A24: 전담 CSM 월 비용 | B24: =손익분기계산기!$B$23*입력값!$B$110
A25: 서버 유지보수 월 비용 | B25: =B9*입력값!$B$107
A26: Enterprise 고객사 1곳 기준 (C9 seat 수 사용)
A27: 1곳당 월 공헌이익 | B27: =C9*E9*입력값!$B$18*(1-입력값!$B$17)-C9*입력값!$E$24
A28: 1곳당 월 전담 비용 (CSM + 유지보수) | B28: =입력값!$B$109*입력값!$B$110+입력값!$B$107
A29: → 1곳당 월 이익 | B29: =손익분기계산기!$B$27-손익분기계산기!$B$28
A30: 구축비 회수 기간 (개월) | B30: =IF(입력값!$B$105-입력값!$B$106<=0,0,IF(손익분기계산기!$B$29>0,(입력값!$B$105-입력값!$B$106)/손익분기계산기!$B$29,"회수 불가")) | G30: (구축비 − 구축비 청구액) ÷ 1곳당 월 이익
A31: 1곳이 적자가 안 나려면 필요한 최소 seat | B31: =IF(E9*입력값!$B$18*(1-입력값!$B$17)-입력값!$E$24>0,손익분기계산기!$B$28/(E9*입력값!$B$18*(1-입력값!$B$17)-입력값!$E$24),"—") | G31: 전담 CSM + 유지보수 비용을 seat 매출로 메우는 지점
A33: 4. 월 손익 (원)
A34: 매출 | B34: =F10
A35: (−) 결제 수수료 | B35: =-F10*입력값!$B$17
A36: (−) seat 변동비 (AI 포함) | B36: =-(D6*입력값!$B$24+D7*입력값!$C$24+D8*입력값!$D$24+D9*입력값!$E$24)
A37: → 공헌이익 | B37: =G10
A38: (−) 인건비 (직원 3명, 1년차) | B38: =-입력값!$B$51
A39: (−) 추가 CS 인력 | B39: =-손익분기계산기!$B$18
A40: (−) Enterprise 전담 CSM | B40: =-손익분기계산기!$B$24
A41: (−) Enterprise 서버 유지보수 | B41: =-손익분기계산기!$B$25
A42: (−) 월세 | B42: =-입력값!$B$27
A43: (−) 기타 고정비 | B43: =-(입력값!$B$31-입력값!$B$27)
A44: → 세전이익 (영업이익) | B44: =손익분기계산기!$B$37+SUM(B38:B43)
A45: (−) 법인세 + 지방소득세 (월 환산) | B45: =-(MIN(MAX(0,손익분기계산기!$B$44*12),입력값!$A$55)*입력값!$B$55+MAX(0,MIN(MAX(0,손익분기계산기!$B$44*12),입력값!$A$56)-입력값!$A$55)*입력값!$B$56+MAX(0,MIN(MAX(0,손익분기계산기!$B$44*12),입력값!$A$57)-입력값!$A$56)*입력값!$B$57+MAX(0,MAX(0,손익분기계산기!$B$44*12)-입력값!$A$57)*입력값!$B$58)*(1+입력값!$B$59)*(1-입력값!$B$60)/12
A46: → 세후이익 | B46: =손익분기계산기!$B$44+손익분기계산기!$B$45
A47: (−) 투자자 지분 6% | B47: =-MAX(0,손익분기계산기!$B$46)*입력값!$B$64
A48: → 순이익 (월) | B48: =손익분기계산기!$B$46+손익분기계산기!$B$47 | C48: =IF(손익분기계산기!$B$48>0,"흑자","적자")
A49: → 순이익 (연 환산) | B49: =손익분기계산기!$B$48*12
A51: 5. 손익분기점
A52: 셀프서브 고객사가 몇 곳 있어야 순이익 0을 넘는지 계산합니다. 위 1번 표의 Enterprise 이익(또는 손실)은 그대로 반영합니다.
A53: 셀프서브 고객사 1곳당 월 공헌이익 | B53: =IF(SUM(B6:B8)>0,SUM(G6:G8)/SUM(B6:B8),0)
A54: 셀프서브 seat 1개당 월 공헌이익 | B54: =IF(SUM(D6:D8)>0,SUM(G6:G8)/SUM(D6:D8),0)
A55: 셀프서브 고객사 1곳당 월 대응 시간 | B55: =IF(SUM(B6:B8)>0,H10/SUM(B6:B8),0)
A56: 고객사 단위 대응 시간 (전화·미팅, 평균) | B56: =IF(SUM(B6:B8)>0,(B6*입력값!$B$90+B7*입력값!$C$90+B8*입력값!$D$90)/SUM(B6:B8),0)
A57: seat 단위 대응 시간 (이메일, 평균) | B57: =IF(SUM(D6:D8)>0,(D6*입력값!$B$89+D7*입력값!$C$89+D8*입력값!$D$89)/SUM(D6:D8),0)
A58: 메워야 할 월 고정비 | B58: =입력값!$B$51+입력값!$B$31-(G9-손익분기계산기!$B$24-손익분기계산기!$B$25) | G58: 인건비 + 고정비 − Enterprise 이익 (추가 CS 인력 제외)
A59: 손익분기 셀프서브 고객사 수 | B59: =IF(손익분기계산기!$B$53<=0,"공헌이익 ≤ 0",IF(손익분기계산기!$B$58<=0,0,IF(손익분기계산기!$B$58/손익분기계산기!$B$53*손익분기계산기!$B$55<=입력값!$B$96,손익분기계산기!$B$58/손익분기계산기!$B$53,IF(손익분기계산기!$B$53-손익분기계산기!$B$55*입력값!$B$101>0,(손익분기계산기!$B$58-입력값!$B$96*입력값!$B$101)/(손익분기계산기!$B$53-손익분기계산기!$B$55*입력값!$B$101),"대응 비용 > 공헌이익 (흑자 불가)")))) | G59: 대응 시간이 기존 인력을 넘으면 넘는 시간은 추가 인력 비용으로 계산(시간 비례 근사). 정수 채용이면 실제로는 조금 더 필요
A60: 손익분기 셀프서브 seat 수 | B60: =IF(ISNUMBER(손익분기계산기!$B$59),손익분기계산기!$B$59*IF(SUM(B6:B8)>0,SUM(D6:D8)/SUM(B6:B8),0),"—")
A61: 현재 대비 추가로 필요한 고객사 수 | B61: =IF(ISNUMBER(손익분기계산기!$B$59),MAX(0,손익분기계산기!$B$59-SUM(B6:B8)),"—")
A63: 6. 민감도 표 — 월 순이익 (원): 셀프서브 고객사 수 × 고객사당 평균 seat
A64: 셀프서브 플랜 구성은 1번 표 비율 사용. 추가 CS 인력 비용과 Enterprise 이익 포함. 행·열 머리글(파란 글씨)은 수정 가능.
A65: 고객사 수 ↓ / 평균 seat → | B65: 2 | C65: 3 | D65: 4 | E65: 5 | F65: 7 | G65: 10 | H65: 15 | I65: 20
A66: 5 | B66: =(($A66*B$65*손익분기계산기!$B$54-손익분기계산기!$B$58-IF(입력값!$B$99="비례",MAX(0,($A66*손익분기계산기!$B$56+$A66*B$65*손익분기계산기!$B$57)-입력값!$B$96)/입력값!$B$98,ROUNDUP(MAX(0,($A66*손익분기계산기!$B$56+$A66*B$65*손익분기계산기!$B$57)-입력값!$B$96)/입력값!$B$98,0))*입력값!$B$100)-(MIN(MAX(0,($A66*B$65*손익분기계산기!$B$54-손익분기계산기!$B$58-IF(입력값!$B$99="비례",MAX(0,($A66*손익분기계산기!$B$56+$A66*B$65*손익분기계산기!$B$57)-입력값!$B$96)/입력값!$B$98,ROUNDUP(MAX(0,($A66*손익분기계산기!$B$56+$A66*B$65*손익분기계산기!$B$57)-입력값!$B$96)/입력값!$B$98,0))*입력값!$B$100)*12),입력값!$A$55)*입력값!$B$55+MAX(0,MIN(MAX(0,($A66*B$65*손익분기계산기!$B$54-손익분기계산기!$B$58-IF(입력값!$B$99="비례",MAX(0,($A66*손익분기계산기!$B$56+$A66*B$65*손익분기계산기!$B$57)-입력값!$B$96)/입력값!$B$98,ROUNDUP(MAX(0,($A66*손익분기계산기!$B$56+$A66*B$65*손익분기계산기!$B$57)-입력값!$B$96)/입력값!$B$98,0))*입력값!$B$100)*12),입력값!$A$56)-입력값!$A$55)*입력값!$B$56+MAX(0,MIN(MAX(0,($A66*B$65*손익분기계산기!$B$54-손익분기계산기!$B$58-IF(입력값!$B$99="비례",MAX(0,($A66*손익분기계산기!$B$56+$A66*B$65*손익분기계산기!$B$57)-입력값!$B$96)/입력값!$B$98,ROUNDUP(MAX(0,($A66*손익분기계산기!$B$56+$A66*B$65*손익분기계산기!$B$57)-입력값!$B$96)/입력값!$B$98,0))*입력값!$B$100)*12),입력값!$A$57)-입력값!$A$56)*입력값!$B$57+MAX(0,MAX(0,($A66*B$65*손익분기계산기!$B$54-손익분기계산기!$B$58-IF(입력값!$B$99="비례",MAX(0,($A66*손익분기계산기!$B$56+$A66*B$65*손익분기계산기!$B$57)-입력값!$B$96)/입력값!$B$98,ROUNDUP(MAX(0,($A66*손익분기계산기!$B$56+$A66*B$65*손익분기계산기!$B$57)-입력값!$B$96)/입력값!$B$98,0))*입력값!$B$100)*12)-입력값!$A$57)*입력값!$B$58)*(1+입력값!$B$59)*(1-입력값!$B$60)/12)-MAX(0,(($A66*B$65*손익분기계산기!$B$54-손익분기계산기!$B$58-IF(입력값!$B$99="비례",MAX(0,($A66*손익분기계산기!$B$56+$A66*B$65*손익분기계산기!$B$57)-입력값!$B$96)/입력값!$B$98,ROUNDUP(MAX(0,($A66*손익분기계산기!$B$56+$A66*B$65*손익분기계산기!$B$57)-입력값!$B$96)/입력값!$B$98,0))*입력값!$B$100)-(MIN(MAX(0,($A66*B$65*손익분기계산기!$B$54-손익분기계산기!$B$58-IF(입력값!$B$99="비례",MAX(0,($A66*손익분기계산기!$B$56+$A66*B$65*손익분기계산기!$B$57)-입력값!$B$96)/입력값!$B$98,ROUNDUP(MAX(0,($A66*손익분기계산기!$B$56+$A66*B$65*손익분기계산기!$B$57)-입력값!$B$96)/입력값!$B$98,0))*입력값!$B$100)*12),입력값!$A$55)*입력값!$B$55+MAX(0,MIN(MAX(0,($A66*B$65*손익분기계산기!$B$54-손익분기계산기!$B$58-IF(입력값!$B$99="비례",MAX(0,($A66*손익분기계산기!$B$56+$A66*B$65*손익분기계산기!$B$57)-입력값!$B$96)/입력값!$B$98,ROUNDUP(MAX(0,($A66*손익분기계산기!$B$56+$A66*B$65*손익분기계산기!$B$57)-입력값!$B$96)/입력값!$B$98,0))*입력값!$B$100)*12),입력값!$A$56)-입력값!$A$55)*입력값!$B$56+MAX(0,MIN(MAX(0,($A66*B$65*손익분기계산기!$B$54-손익분기계산기!$B$58-IF(입력값!$B$99="비례",MAX(0,($A66*손익분기계산기!$B$56+$A66*B$65*손익분기계산기!$B$57)-입력값!$B$96)/입력값!$B$98,ROUNDUP(MAX(0,($A66*손익분기계산기!$B$56+$A66*B$65*손익분기계산기!$B$57)-입력값!$B$96)/입력값!$B$98,0))*입력값!$B$100)*12),입력값!$A$57)-입력값!$A$56)*입력값!$B$57+MAX(0,MAX(0,($A66*B$65*손익분기계산기!$B$54-손익분기계산기!$B$58-IF(입력값!$B$99="비례",MAX(0,($A66*손익분기계산기!$B$56+$A66*B$65*손익분기계산기!$B$57)-입력값!$B$96)/입력값!$B$98,ROUNDUP(MAX(0,($A66*손익분기계산기!$B$56+$A66*B$65*손익분기계산기!$B$57)-입력값!$B$96)/입력값!$B$98,0))*입력값!$B$100)*12)-입력값!$A$57)*입력값!$B$58)*(1+입력값!$B$59)*(1-입력값!$B$60)/12))*입력값!$B$64 | C66: =(($A66*C$65*손익분기계산기!$B$54-손익분기계산기!$B$58-IF(입력값!$B$99="비례",MAX(0,($A66*손익분기계산기!$B$56+$A66*C$65*손익분기계산기!$B$57)-입력값!$B$96)/입력값!$B$98,ROUNDUP(MAX(0,($A66*손익분기계산기!$B$56+$A66*C$65*손익분기계산기!$B$57)-입력값!$B$96)/입력값!$B$98,0))*입력값!$B$100)-(MIN(MAX(0,($A66*C$65*손익분기계산기!$B$54-손익분기계산기!$B$58-IF(입력값!$B$99="비례",MAX(0,($A66*손익분기계산기!$B$56+$A66*C$65*손익분기계산기!$B$57)-입력값!$B$96)/입력값!$B$98,ROUNDUP(MAX(0,($A66*손익분기계산기!$B$56+$A66*C$65*손익분기계산기!$B$57)-입력값!$B$96)/입력값!$B$98,0))*입력값!$B$100)*12),입력값!$A$55)*입력값!$B$55+MAX(0,MIN(MAX(0,($A66*C$65*손익분기계산기!$B$54-손익분기계산기!$B$58-IF(입력값!$B$99="비례",MAX(0,($A66*손익분기계산기!$B$56+$A66*C$65*손익분기계산기!$B$57)-입력값!$B$96)/입력값!$B$98,ROUNDUP(MAX(0,($A66*손익분기계산기!$B$56+$A66*C$65*손익분기계산기!$B$57)-입력값!$B$96)/입력값!$B$98,0))*입력값!$B$100)*12),입력값!$A$56)-입력값!$A$55)*입력값!$B$56+MAX(0,MIN(MAX(0,($A66*C$65*손익분기계산기!$B$54-손익분기계산기!$B$58-IF(입력값!$B$99="비례",MAX(0,($A66*손익분기계산기!$B$56+$A66*C$65*손익분기계산기!$B$57)-입력값!$B$96)/입력값!$B$98,ROUNDUP(MAX(0,($A66*손익분기계산기!$B$56+$A66*C$65*손익분기계산기!$B$57)-입력값!$B$96)/입력값!$B$98,0))*입력값!$B$100)*12),입력값!$A$57)-입력값!$A$56)*입력값!$B$57+MAX(0,MAX(0,($A66*C$65*손익분기계산기!$B$54-손익분기계산기!$B$58-IF(입력값!$B$99="비례",MAX(0,($A66*손익분기계산기!$B$56+$A66*C$65*손익분기계산기!$B$57)-입력값!$B$96)/입력값!$B$98,ROUNDUP(MAX(0,($A66*손익분기계산기!$B$56+$A66*C$65*손익분기계산기!$B$57)-입력값!$B$96)/입력값!$B$98,0))*입력값!$B$100)*12)-입력값!$A$57)*입력값!$B$58)*(1+입력값!$B$59)*(1-입력값!$B$60)/12)-MAX(0,(($A66*C$65*손익분기계산기!$B$54-손익분기계산기!$B$58-IF(입력값!$B$99="비례",MAX(0,($A66*손익분기계산기!$B$56+$A66*C$65*손익분기계산기!$B$57)-입력값!$B$96)/입력값!$B$98,ROUNDUP(MAX(0,($A66*손익분기계산기!$B$56+$A66*C$65*손익분기계산기!$B$57)-입력값!$B$96)/입력값!$B$98,0))*입력값!$B$100)-(MIN(MAX(0,($A66*C$65*손익분기계산기!$B$54-손익분기계산기!$B$58-IF(입력값!$B$99="비례",MAX(0,($A66*손익분기계산기!$B$56+$A66*C$65*손익분기계산기!$B$57)-입력값!$B$96)/입력값!$B$98,ROUNDUP(MAX(0,($A66*손익분기계산기!$B$56+$A66*C$65*손익분기계산기!$B$57)-입력값!$B$96)/입력값!$B$98,0))*입력값!$B$100)*12),입력값!$A$55)*입력값!$B$55+MAX(0,MIN(MAX(0,($A66*C$65*손익분기계산기!$B$54-손익분기계산기!$B$58-IF(입력값!$B$99="비례",MAX(0,($A66*손익분기계산기!$B$56+$A66*C$65*손익분기계산기!$B$57)-입력값!$B$96)/입력값!$B$98,ROUNDUP(MAX(0,($A66*손익분기계산기!$B$56+$A66*C$65*손익분기계산기!$B$57)-입력값!$B$96)/입력값!$B$98,0))*입력값!$B$100)*12),입력값!$A$56)-입력값!$A$55)*입력값!$B$56+MAX(0,MIN(MAX(0,($A66*C$65*손익분기계산기!$B$54-손익분기계산기!$B$58-IF(입력값!$B$99="비례",MAX(0,($A66*손익분기계산기!$B$56+$A66*C$65*손익분기계산기!$B$57)-입력값!$B$96)/입력값!$B$98,ROUNDUP(MAX(0,($A66*손익분기계산기!$B$56+$A66*C$65*손익분기계산기!$B$57)-입력값!$B$96)/입력값!$B$98,0))*입력값!$B$100)*12),입력값!$A$57)-입력값!$A$56)*입력값!$B$57+MAX(0,MAX(0,($A66*C$65*손익분기계산기!$B$54-손익분기계산기!$B$58-IF(입력값!$B$99="비례",MAX(0,($A66*손익분기계산기!$B$56+$A66*C$65*손익분기계산기!$B$57)-입력값!$B$96)/입력값!$B$98,ROUNDUP(MAX(0,($A66*손익분기계산기!$B$56+$A66*C$65*손익분기계산기!$B$57)-입력값!$B$96)/입력값!$B$98,0))*입력값!$B$100)*12)-입력값!$A$57)*입력값!$B$58)*(1+입력값!$B$59)*(1-입력값!$B$60)/12))*입력값!$B$64 | D66: =(($A66*D$65*손익분기계산기!$B$54-손익분기계산기!$B$58-IF(입력값!$B$99="비례",MAX(0,($A66*손익분기계산기!$B$56+$A66*D$65*손익분기계산기!$B$57)-입력값!$B$96)/입력값!$B$98,ROUNDUP(MAX(0,($A66*손익분기계산기!$B$56+$A66*D$65*손익분기계산기!$B$57)-입력값!$B$96)/입력값!$B$98,0))*입력값!$B$100)-(MIN(MAX(0,($A66*D$65*손익분기계산기!$B$54-손익분기계산기!$B$58-IF(입력값!$B$99="비례",MAX(0,($A66*손익분기계산기!$B$56+$A66*D$65*손익분기계산기!$B$57)-입력값!$B$96)/입력값!$B$98,ROUNDUP(MAX(0,($A66*손익분기계산기!$B$56+$A66*D$65*손익분기계산기!$B$57)-입력값!$B$96)/입력값!$B$98,0))*입력값!$B$100)*12),입력값!$A$55)*입력값!$B$55+MAX(0,MIN(MAX(0,($A66*D$65*손익분기계산기!$B$54-손익분기계산기!$B$58-IF(입력값!$B$99="비례",MAX(0,($A66*손익분기계산기!$B$56+$A66*D$65*손익분기계산기!$B$57)-입력값!$B$96)/입력값!$B$98,ROUNDUP(MAX(0,($A66*손익분기계산기!$B$56+$A66*D$65*손익분기계산기!$B$57)-입력값!$B$96)/입력값!$B$98,0))*입력값!$B$100)*12),입력값!$A$56)-입력값!$A$55)*입력값!$B$56+MAX(0,MIN(MAX(0,($A66*D$65*손익분기계산기!$B$54-손익분기계산기!$B$58-IF(입력값!$B$99="비례",MAX(0,($A66*손익분기계산기!$B$56+$A66*D$65*손익분기계산기!$B$57)-입력값!$B$96)/입력값!$B$98,ROUNDUP(MAX(0,($A66*손익분기계산기!$B$56+$A66*D$65*손익분기계산기!$B$57)-입력값!$B$96)/입력값!$B$98,0))*입력값!$B$100)*12),입력값!$A$57)-입력값!$A$56)*입력값!$B$57+MAX(0,MAX(0,($A66*D$65*손익분기계산기!$B$54-손익분기계산기!$B$58-IF(입력값!$B$99="비례",MAX(0,($A66*손익분기계산기!$B$56+$A66*D$65*손익분기계산기!$B$57)-입력값!$B$96)/입력값!$B$98,ROUNDUP(MAX(0,($A66*손익분기계산기!$B$56+$A66*D$65*손익분기계산기!$B$57)-입력값!$B$96)/입력값!$B$98,0))*입력값!$B$100)*12)-입력값!$A$57)*입력값!$B$58)*(1+입력값!$B$59)*(1-입력값!$B$60)/12)-MAX(0,(($A66*D$65*손익분기계산기!$B$54-손익분기계산기!$B$58-IF(입력값!$B$99="비례",MAX(0,($A66*손익분기계산기!$B$56+$A66*D$65*손익분기계산기!$B$57)-입력값!$B$96)/입력값!$B$98,ROUNDUP(MAX(0,($A66*손익분기계산기!$B$56+$A66*D$65*손익분기계산기!$B$57)-입력값!$B$96)/입력값!$B$98,0))*입력값!$B$100)-(MIN(MAX(0,($A66*D$65*손익분기계산기!$B$54-손익분기계산기!$B$58-IF(입력값!$B$99="비례",MAX(0,($A66*손익분기계산기!$B$56+$A66*D$65*손익분기계산기!$B$57)-입력값!$B$96)/입력값!$B$98,ROUNDUP(MAX(0,($A66*손익분기계산기!$B$56+$A66*D$65*손익분기계산기!$B$57)-입력값!$B$96)/입력값!$B$98,0))*입력값!$B$100)*12),입력값!$A$55)*입력값!$B$55+MAX(0,MIN(MAX(0,($A66*D$65*손익분기계산기!$B$54-손익분기계산기!$B$58-IF(입력값!$B$99="비례",MAX(0,($A66*손익분기계산기!$B$56+$A66*D$65*손익분기계산기!$B$57)-입력값!$B$96)/입력값!$B$98,ROUNDUP(MAX(0,($A66*손익분기계산기!$B$56+$A66*D$65*손익분기계산기!$B$57)-입력값!$B$96)/입력값!$B$98,0))*입력값!$B$100)*12),입력값!$A$56)-입력값!$A$55)*입력값!$B$56+MAX(0,MIN(MAX(0,($A66*D$65*손익분기계산기!$B$54-손익분기계산기!$B$58-IF(입력값!$B$99="비례",MAX(0,($A66*손익분기계산기!$B$56+$A66*D$65*손익분기계산기!$B$57)-입력값!$B$96)/입력값!$B$98,ROUNDUP(MAX(0,($A66*손익분기계산기!$B$56+$A66*D$65*손익분기계산기!$B$57)-입력값!$B$96)/입력값!$B$98,0))*입력값!$B$100)*12),입력값!$A$57)-입력값!$A$56)*입력값!$B$57+MAX(0,MAX(0,($A66*D$65*손익분기계산기!$B$54-손익분기계산기!$B$58-IF(입력값!$B$99="비례",MAX(0,($A66*손익분기계산기!$B$56+$A66*D$65*손익분기계산기!$B$57)-입력값!$B$96)/입력값!$B$98,ROUNDUP(MAX(0,($A66*손익분기계산기!$B$56+$A66*D$65*손익분기계산기!$B$57)-입력값!$B$96)/입력값!$B$98,0))*입력값!$B$100)*12)-입력값!$A$57)*입력값!$B$58)*(1+입력값!$B$59)*(1-입력값!$B$60)/12))*입력값!$B$64 | E66: =(($A66*E$65*손익분기계산기!$B$54-손익분기계산기!$B$58-IF(입력값!$B$99="비례",MAX(0,($A66*손익분기계산기!$B$56+$A66*E$65*손익분기계산기!$B$57)-입력값!$B$96)/입력값!$B$98,ROUNDUP(MAX(0,($A66*손익분기계산기!$B$56+$A66*E$65*손익분기계산기!$B$57)-입력값!$B$96)/입력값!$B$98,0))*입력값!$B$100)-(MIN(MAX(0,($A66*E$65*손익분기계산기!$B$54-손익분기계산기!$B$58-IF(입력값!$B$99="비례",MAX(0,($A66*손익분기계산기!$B$56+$A66*E$65*손익분기계산기!$B$57)-입력값!$B$96)/입력값!$B$98,ROUNDUP(MAX(0,($A66*손익분기계산기!$B$56+$A66*E$65*손익분기계산기!$B$57)-입력값!$B$96)/입력값!$B$98,0))*입력값!$B$100)*12),입력값!$A$55)*입력값!$B$55+MAX(0,MIN(MAX(0,($A66*E$65*손익분기계산기!$B$54-손익분기계산기!$B$58-IF(입력값!$B$99="비례",MAX(0,($A66*손익분기계산기!$B$56+$A66*E$65*손익분기계산기!$B$57)-입력값!$B$96)/입력값!$B$98,ROUNDUP(MAX(0,($A66*손익분기계산기!$B$56+$A66*E$65*손익분기계산기!$B$57)-입력값!$B$96)/입력값!$B$98,0))*입력값!$B$100)*12),입력값!$A$56)-입력값!$A$55)*입력값!$B$56+MAX(0,MIN(MAX(0,($A66*E$65*손익분기계산기!$B$54-손익분기계산기!$B$58-IF(입력값!$B$99="비례",MAX(0,($A66*손익분기계산기!$B$56+$A66*E$65*손익분기계산기!$B$57)-입력값!$B$96)/입력값!$B$98,ROUNDUP(MAX(0,($A66*손익분기계산기!$B$56+$A66*E$65*손익분기계산기!$B$57)-입력값!$B$96)/입력값!$B$98,0))*입력값!$B$100)*12),입력값!$A$57)-입력값!$A$56)*입력값!$B$57+MAX(0,MAX(0,($A66*E$65*손익분기계산기!$B$54-손익분기계산기!$B$58-IF(입력값!$B$99="비례",MAX(0,($A66*손익분기계산기!$B$56+$A66*E$65*손익분기계산기!$B$57)-입력값!$B$96)/입력값!$B$98,ROUNDUP(MAX(0,($A66*손익분기계산기!$B$56+$A66*E$65*손익분기계산기!$B$57)-입력값!$B$96)/입력값!$B$98,0))*입력값!$B$100)*12)-입력값!$A$57)*입력값!$B$58)*(1+입력값!$B$59)*(1-입력값!$B$60)/12)-MAX(0,(($A66*E$65*손익분기계산기!$B$54-손익분기계산기!$B$58-IF(입력값!$B$99="비례",MAX(0,($A66*손익분기계산기!$B$56+$A66*E$65*손익분기계산기!$B$57)-입력값!$B$96)/입력값!$B$98,ROUNDUP(MAX(0,($A66*손익분기계산기!$B$56+$A66*E$65*손익분기계산기!$B$57)-입력값!$B$96)/입력값!$B$98,0))*입력값!$B$100)-(MIN(MAX(0,($A66*E$65*손익분기계산기!$B$54-손익분기계산기!$B$58-IF(입력값!$B$99="비례",MAX(0,($A66*손익분기계산기!$B$56+$A66*E$65*손익분기계산기!$B$57)-입력값!$B$96)/입력값!$B$98,ROUNDUP(MAX(0,($A66*손익분기계산기!$B$56+$A66*E$65*손익분기계산기!$B$57)-입력값!$B$96)/입력값!$B$98,0))*입력값!$B$100)*12),입력값!$A$55)*입력값!$B$55+MAX(0,MIN(MAX(0,($A66*E$65*손익분기계산기!$B$54-손익분기계산기!$B$58-IF(입력값!$B$99="비례",MAX(0,($A66*손익분기계산기!$B$56+$A66*E$65*손익분기계산기!$B$57)-입력값!$B$96)/입력값!$B$98,ROUNDUP(MAX(0,($A66*손익분기계산기!$B$56+$A66*E$65*손익분기계산기!$B$57)-입력값!$B$96)/입력값!$B$98,0))*입력값!$B$100)*12),입력값!$A$56)-입력값!$A$55)*입력값!$B$56+MAX(0,MIN(MAX(0,($A66*E$65*손익분기계산기!$B$54-손익분기계산기!$B$58-IF(입력값!$B$99="비례",MAX(0,($A66*손익분기계산기!$B$56+$A66*E$65*손익분기계산기!$B$57)-입력값!$B$96)/입력값!$B$98,ROUNDUP(MAX(0,($A66*손익분기계산기!$B$56+$A66*E$65*손익분기계산기!$B$57)-입력값!$B$96)/입력값!$B$98,0))*입력값!$B$100)*12),입력값!$A$57)-입력값!$A$56)*입력값!$B$57+MAX(0,MAX(0,($A66*E$65*손익분기계산기!$B$54-손익분기계산기!$B$58-IF(입력값!$B$99="비례",MAX(0,($A66*손익분기계산기!$B$56+$A66*E$65*손익분기계산기!$B$57)-입력값!$B$96)/입력값!$B$98,ROUNDUP(MAX(0,($A66*손익분기계산기!$B$56+$A66*E$65*손익분기계산기!$B$57)-입력값!$B$96)/입력값!$B$98,0))*입력값!$B$100)*12)-입력값!$A$57)*입력값!$B$58)*(1+입력값!$B$59)*(1-입력값!$B$60)/12))*입력값!$B$64 | F66: =(($A66*F$65*손익분기계산기!$B$54-손익분기계산기!$B$58-IF(입력값!$B$99="비례",MAX(0,($A66*손익분기계산기!$B$56+$A66*F$65*손익분기계산기!$B$57)-입력값!$B$96)/입력값!$B$98,ROUNDUP(MAX(0,($A66*손익분기계산기!$B$56+$A66*F$65*손익분기계산기!$B$57)-입력값!$B$96)/입력값!$B$98,0))*입력값!$B$100)-(MIN(MAX(0,($A66*F$65*손익분기계산기!$B$54-손익분기계산기!$B$58-IF(입력값!$B$99="비례",MAX(0,($A66*손익분기계산기!$B$56+$A66*F$65*손익분기계산기!$B$57)-입력값!$B$96)/입력값!$B$98,ROUNDUP(MAX(0,($A66*손익분기계산기!$B$56+$A66*F$65*손익분기계산기!$B$57)-입력값!$B$96)/입력값!$B$98,0))*입력값!$B$100)*12),입력값!$A$55)*입력값!$B$55+MAX(0,MIN(MAX(0,($A66*F$65*손익분기계산기!$B$54-손익분기계산기!$B$58-IF(입력값!$B$99="비례",MAX(0,($A66*손익분기계산기!$B$56+$A66*F$65*손익분기계산기!$B$57)-입력값!$B$96)/입력값!$B$98,ROUNDUP(MAX(0,($A66*손익분기계산기!$B$56+$A66*F$65*손익분기계산기!$B$57)-입력값!$B$96)/입력값!$B$98,0))*입력값!$B$100)*12),입력값!$A$56)-입력값!$A$55)*입력값!$B$56+MAX(0,MIN(MAX(0,($A66*F$65*손익분기계산기!$B$54-손익분기계산기!$B$58-IF(입력값!$B$99="비례",MAX(0,($A66*손익분기계산기!$B$56+$A66*F$65*손익분기계산기!$B$57)-입력값!$B$96)/입력값!$B$98,ROUNDUP(MAX(0,($A66*손익분기계산기!$B$56+$A66*F$65*손익분기계산기!$B$57)-입력값!$B$96)/입력값!$B$98,0))*입력값!$B$100)*12),입력값!$A$57)-입력값!$A$56)*입력값!$B$57+MAX(0,MAX(0,($A66*F$65*손익분기계산기!$B$54-손익분기계산기!$B$58-IF(입력값!$B$99="비례",MAX(0,($A66*손익분기계산기!$B$56+$A66*F$65*손익분기계산기!$B$57)-입력값!$B$96)/입력값!$B$98,ROUNDUP(MAX(0,($A66*손익분기계산기!$B$56+$A66*F$65*손익분기계산기!$B$57)-입력값!$B$96)/입력값!$B$98,0))*입력값!$B$100)*12)-입력값!$A$57)*입력값!$B$58)*(1+입력값!$B$59)*(1-입력값!$B$60)/12)-MAX(0,(($A66*F$65*손익분기계산기!$B$54-손익분기계산기!$B$58-IF(입력값!$B$99="비례",MAX(0,($A66*손익분기계산기!$B$56+$A66*F$65*손익분기계산기!$B$57)-입력값!$B$96)/입력값!$B$98,ROUNDUP(MAX(0,($A66*손익분기계산기!$B$56+$A66*F$65*손익분기계산기!$B$57)-입력값!$B$96)/입력값!$B$98,0))*입력값!$B$100)-(MIN(MAX(0,($A66*F$65*손익분기계산기!$B$54-손익분기계산기!$B$58-IF(입력값!$B$99="비례",MAX(0,($A66*손익분기계산기!$B$56+$A66*F$65*손익분기계산기!$B$57)-입력값!$B$96)/입력값!$B$98,ROUNDUP(MAX(0,($A66*손익분기계산기!$B$56+$A66*F$65*손익분기계산기!$B$57)-입력값!$B$96)/입력값!$B$98,0))*입력값!$B$100)*12),입력값!$A$55)*입력값!$B$55+MAX(0,MIN(MAX(0,($A66*F$65*손익분기계산기!$B$54-손익분기계산기!$B$58-IF(입력값!$B$99="비례",MAX(0,($A66*손익분기계산기!$B$56+$A66*F$65*손익분기계산기!$B$57)-입력값!$B$96)/입력값!$B$98,ROUNDUP(MAX(0,($A66*손익분기계산기!$B$56+$A66*F$65*손익분기계산기!$B$57)-입력값!$B$96)/입력값!$B$98,0))*입력값!$B$100)*12),입력값!$A$56)-입력값!$A$55)*입력값!$B$56+MAX(0,MIN(MAX(0,($A66*F$65*손익분기계산기!$B$54-손익분기계산기!$B$58-IF(입력값!$B$99="비례",MAX(0,($A66*손익분기계산기!$B$56+$A66*F$65*손익분기계산기!$B$57)-입력값!$B$96)/입력값!$B$98,ROUNDUP(MAX(0,($A66*손익분기계산기!$B$56+$A66*F$65*손익분기계산기!$B$57)-입력값!$B$96)/입력값!$B$98,0))*입력값!$B$100)*12),입력값!$A$57)-입력값!$A$56)*입력값!$B$57+MAX(0,MAX(0,($A66*F$65*손익분기계산기!$B$54-손익분기계산기!$B$58-IF(입력값!$B$99="비례",MAX(0,($A66*손익분기계산기!$B$56+$A66*F$65*손익분기계산기!$B$57)-입력값!$B$96)/입력값!$B$98,ROUNDUP(MAX(0,($A66*손익분기계산기!$B$56+$A66*F$65*손익분기계산기!$B$57)-입력값!$B$96)/입력값!$B$98,0))*입력값!$B$100)*12)-입력값!$A$57)*입력값!$B$58)*(1+입력값!$B$59)*(1-입력값!$B$60)/12))*입력값!$B$64 | G66: =(($A66*G$65*손익분기계산기!$B$54-손익분기계산기!$B$58-IF(입력값!$B$99="비례",MAX(0,($A66*손익분기계산기!$B$56+$A66*G$65*손익분기계산기!$B$57)-입력값!$B$96)/입력값!$B$98,ROUNDUP(MAX(0,($A66*손익분기계산기!$B$56+$A66*G$65*손익분기계산기!$B$57)-입력값!$B$96)/입력값!$B$98,0))*입력값!$B$100)-(MIN(MAX(0,($A66*G$65*손익분기계산기!$B$54-손익분기계산기!$B$58-IF(입력값!$B$99="비례",MAX(0,($A66*손익분기계산기!$B$56+$A66*G$65*손익분기계산기!$B$57)-입력값!$B$96)/입력값!$B$98,ROUNDUP(MAX(0,($A66*손익분기계산기!$B$56+$A66*G$65*손익분기계산기!$B$57)-입력값!$B$96)/입력값!$B$98,0))*입력값!$B$100)*12),입력값!$A$55)*입력값!$B$55+MAX(0,MIN(MAX(0,($A66*G$65*손익분기계산기!$B$54-손익분기계산기!$B$58-IF(입력값!$B$99="비례",MAX(0,($A66*손익분기계산기!$B$56+$A66*G$65*손익분기계산기!$B$57)-입력값!$B$96)/입력값!$B$98,ROUNDUP(MAX(0,($A66*손익분기계산기!$B$56+$A66*G$65*손익분기계산기!$B$57)-입력값!$B$96)/입력값!$B$98,0))*입력값!$B$100)*12),입력값!$A$56)-입력값!$A$55)*입력값!$B$56+MAX(0,MIN(MAX(0,($A66*G$65*손익분기계산기!$B$54-손익분기계산기!$B$58-IF(입력값!$B$99="비례",MAX(0,($A66*손익분기계산기!$B$56+$A66*G$65*손익분기계산기!$B$57)-입력값!$B$96)/입력값!$B$98,ROUNDUP(MAX(0,($A66*손익분기계산기!$B$56+$A66*G$65*손익분기계산기!$B$57)-입력값!$B$96)/입력값!$B$98,0))*입력값!$B$100)*12),입력값!$A$57)-입력값!$A$56)*입력값!$B$57+MAX(0,MAX(0,($A66*G$65*손익분기계산기!$B$54-손익분기계산기!$B$58-IF(입력값!$B$99="비례",MAX(0,($A66*손익분기계산기!$B$56+$A66*G$65*손익분기계산기!$B$57)-입력값!$B$96)/입력값!$B$98,ROUNDUP(MAX(0,($A66*손익분기계산기!$B$56+$A66*G$65*손익분기계산기!$B$57)-입력값!$B$96)/입력값!$B$98,0))*입력값!$B$100)*12)-입력값!$A$57)*입력값!$B$58)*(1+입력값!$B$59)*(1-입력값!$B$60)/12)-MAX(0,(($A66*G$65*손익분기계산기!$B$54-손익분기계산기!$B$58-IF(입력값!$B$99="비례",MAX(0,($A66*손익분기계산기!$B$56+$A66*G$65*손익분기계산기!$B$57)-입력값!$B$96)/입력값!$B$98,ROUNDUP(MAX(0,($A66*손익분기계산기!$B$56+$A66*G$65*손익분기계산기!$B$57)-입력값!$B$96)/입력값!$B$98,0))*입력값!$B$100)-(MIN(MAX(0,($A66*G$65*손익분기계산기!$B$54-손익분기계산기!$B$58-IF(입력값!$B$99="비례",MAX(0,($A66*손익분기계산기!$B$56+$A66*G$65*손익분기계산기!$B$57)-입력값!$B$96)/입력값!$B$98,ROUNDUP(MAX(0,($A66*손익분기계산기!$B$56+$A66*G$65*손익분기계산기!$B$57)-입력값!$B$96)/입력값!$B$98,0))*입력값!$B$100)*12),입력값!$A$55)*입력값!$B$55+MAX(0,MIN(MAX(0,($A66*G$65*손익분기계산기!$B$54-손익분기계산기!$B$58-IF(입력값!$B$99="비례",MAX(0,($A66*손익분기계산기!$B$56+$A66*G$65*손익분기계산기!$B$57)-입력값!$B$96)/입력값!$B$98,ROUNDUP(MAX(0,($A66*손익분기계산기!$B$56+$A66*G$65*손익분기계산기!$B$57)-입력값!$B$96)/입력값!$B$98,0))*입력값!$B$100)*12),입력값!$A$56)-입력값!$A$55)*입력값!$B$56+MAX(0,MIN(MAX(0,($A66*G$65*손익분기계산기!$B$54-손익분기계산기!$B$58-IF(입력값!$B$99="비례",MAX(0,($A66*손익분기계산기!$B$56+$A66*G$65*손익분기계산기!$B$57)-입력값!$B$96)/입력값!$B$98,ROUNDUP(MAX(0,($A66*손익분기계산기!$B$56+$A66*G$65*손익분기계산기!$B$57)-입력값!$B$96)/입력값!$B$98,0))*입력값!$B$100)*12),입력값!$A$57)-입력값!$A$56)*입력값!$B$57+MAX(0,MAX(0,($A66*G$65*손익분기계산기!$B$54-손익분기계산기!$B$58-IF(입력값!$B$99="비례",MAX(0,($A66*손익분기계산기!$B$56+$A66*G$65*손익분기계산기!$B$57)-입력값!$B$96)/입력값!$B$98,ROUNDUP(MAX(0,($A66*손익분기계산기!$B$56+$A66*G$65*손익분기계산기!$B$57)-입력값!$B$96)/입력값!$B$98,0))*입력값!$B$100)*12)-입력값!$A$57)*입력값!$B$58)*(1+입력값!$B$59)*(1-입력값!$B$60)/12))*입력값!$B$64 | H66: =(($A66*H$65*손익분기계산기!$B$54-손익분기계산기!$B$58-IF(입력값!$B$99="비례",MAX(0,($A66*손익분기계산기!$B$56+$A66*H$65*손익분기계산기!$B$57)-입력값!$B$96)/입력값!$B$98,ROUNDUP(MAX(0,($A66*손익분기계산기!$B$56+$A66*H$65*손익분기계산기!$B$57)-입력값!$B$96)/입력값!$B$98,0))*입력값!$B$100)-(MIN(MAX(0,($A66*H$65*손익분기계산기!$B$54-손익분기계산기!$B$58-IF(입력값!$B$99="비례",MAX(0,($A66*손익분기계산기!$B$56+$A66*H$65*손익분기계산기!$B$57)-입력값!$B$96)/입력값!$B$98,ROUNDUP(MAX(0,($A66*손익분기계산기!$B$56+$A66*H$65*손익분기계산기!$B$57)-입력값!$B$96)/입력값!$B$98,0))*입력값!$B$100)*12),입력값!$A$55)*입력값!$B$55+MAX(0,MIN(MAX(0,($A66*H$65*손익분기계산기!$B$54-손익분기계산기!$B$58-IF(입력값!$B$99="비례",MAX(0,($A66*손익분기계산기!$B$56+$A66*H$65*손익분기계산기!$B$57)-입력값!$B$96)/입력값!$B$98,ROUNDUP(MAX(0,($A66*손익분기계산기!$B$56+$A66*H$65*손익분기계산기!$B$57)-입력값!$B$96)/입력값!$B$98,0))*입력값!$B$100)*12),입력값!$A$56)-입력값!$A$55)*입력값!$B$56+MAX(0,MIN(MAX(0,($A66*H$65*손익분기계산기!$B$54-손익분기계산기!$B$58-IF(입력값!$B$99="비례",MAX(0,($A66*손익분기계산기!$B$56+$A66*H$65*손익분기계산기!$B$57)-입력값!$B$96)/입력값!$B$98,ROUNDUP(MAX(0,($A66*손익분기계산기!$B$56+$A66*H$65*손익분기계산기!$B$57)-입력값!$B$96)/입력값!$B$98,0))*입력값!$B$100)*12),입력값!$A$57)-입력값!$A$56)*입력값!$B$57+MAX(0,MAX(0,($A66*H$65*손익분기계산기!$B$54-손익분기계산기!$B$58-IF(입력값!$B$99="비례",MAX(0,($A66*손익분기계산기!$B$56+$A66*H$65*손익분기계산기!$B$57)-입력값!$B$96)/입력값!$B$98,ROUNDUP(MAX(0,($A66*손익분기계산기!$B$56+$A66*H$65*손익분기계산기!$B$57)-입력값!$B$96)/입력값!$B$98,0))*입력값!$B$100)*12)-입력값!$A$57)*입력값!$B$58)*(1+입력값!$B$59)*(1-입력값!$B$60)/12)-MAX(0,(($A66*H$65*손익분기계산기!$B$54-손익분기계산기!$B$58-IF(입력값!$B$99="비례",MAX(0,($A66*손익분기계산기!$B$56+$A66*H$65*손익분기계산기!$B$57)-입력값!$B$96)/입력값!$B$98,ROUNDUP(MAX(0,($A66*손익분기계산기!$B$56+$A66*H$65*손익분기계산기!$B$57)-입력값!$B$96)/입력값!$B$98,0))*입력값!$B$100)-(MIN(MAX(0,($A66*H$65*손익분기계산기!$B$54-손익분기계산기!$B$58-IF(입력값!$B$99="비례",MAX(0,($A66*손익분기계산기!$B$56+$A66*H$65*손익분기계산기!$B$57)-입력값!$B$96)/입력값!$B$98,ROUNDUP(MAX(0,($A66*손익분기계산기!$B$56+$A66*H$65*손익분기계산기!$B$57)-입력값!$B$96)/입력값!$B$98,0))*입력값!$B$100)*12),입력값!$A$55)*입력값!$B$55+MAX(0,MIN(MAX(0,($A66*H$65*손익분기계산기!$B$54-손익분기계산기!$B$58-IF(입력값!$B$99="비례",MAX(0,($A66*손익분기계산기!$B$56+$A66*H$65*손익분기계산기!$B$57)-입력값!$B$96)/입력값!$B$98,ROUNDUP(MAX(0,($A66*손익분기계산기!$B$56+$A66*H$65*손익분기계산기!$B$57)-입력값!$B$96)/입력값!$B$98,0))*입력값!$B$100)*12),입력값!$A$56)-입력값!$A$55)*입력값!$B$56+MAX(0,MIN(MAX(0,($A66*H$65*손익분기계산기!$B$54-손익분기계산기!$B$58-IF(입력값!$B$99="비례",MAX(0,($A66*손익분기계산기!$B$56+$A66*H$65*손익분기계산기!$B$57)-입력값!$B$96)/입력값!$B$98,ROUNDUP(MAX(0,($A66*손익분기계산기!$B$56+$A66*H$65*손익분기계산기!$B$57)-입력값!$B$96)/입력값!$B$98,0))*입력값!$B$100)*12),입력값!$A$57)-입력값!$A$56)*입력값!$B$57+MAX(0,MAX(0,($A66*H$65*손익분기계산기!$B$54-손익분기계산기!$B$58-IF(입력값!$B$99="비례",MAX(0,($A66*손익분기계산기!$B$56+$A66*H$65*손익분기계산기!$B$57)-입력값!$B$96)/입력값!$B$98,ROUNDUP(MAX(0,($A66*손익분기계산기!$B$56+$A66*H$65*손익분기계산기!$B$57)-입력값!$B$96)/입력값!$B$98,0))*입력값!$B$100)*12)-입력값!$A$57)*입력값!$B$58)*(1+입력값!$B$59)*(1-입력값!$B$60)/12))*입력값!$B$64 | I66: =(($A66*I$65*손익분기계산기!$B$54-손익분기계산기!$B$58-IF(입력값!$B$99="비례",MAX(0,($A66*손익분기계산기!$B$56+$A66*I$65*손익분기계산기!$B$57)-입력값!$B$96)/입력값!$B$98,ROUNDUP(MAX(0,($A66*손익분기계산기!$B$56+$A66*I$65*손익분기계산기!$B$57)-입력값!$B$96)/입력값!$B$98,0))*입력값!$B$100)-(MIN(MAX(0,($A66*I$65*손익분기계산기!$B$54-손익분기계산기!$B$58-IF(입력값!$B$99="비례",MAX(0,($A66*손익분기계산기!$B$56+$A66*I$65*손익분기계산기!$B$57)-입력값!$B$96)/입력값!$B$98,ROUNDUP(MAX(0,($A66*손익분기계산기!$B$56+$A66*I$65*손익분기계산기!$B$57)-입력값!$B$96)/입력값!$B$98,0))*입력값!$B$100)*12),입력값!$A$55)*입력값!$B$55+MAX(0,MIN(MAX(0,($A66*I$65*손익분기계산기!$B$54-손익분기계산기!$B$58-IF(입력값!$B$99="비례",MAX(0,($A66*손익분기계산기!$B$56+$A66*I$65*손익분기계산기!$B$57)-입력값!$B$96)/입력값!$B$98,ROUNDUP(MAX(0,($A66*손익분기계산기!$B$56+$A66*I$65*손익분기계산기!$B$57)-입력값!$B$96)/입력값!$B$98,0))*입력값!$B$100)*12),입력값!$A$56)-입력값!$A$55)*입력값!$B$56+MAX(0,MIN(MAX(0,($A66*I$65*손익분기계산기!$B$54-손익분기계산기!$B$58-IF(입력값!$B$99="비례",MAX(0,($A66*손익분기계산기!$B$56+$A66*I$65*손익분기계산기!$B$57)-입력값!$B$96)/입력값!$B$98,ROUNDUP(MAX(0,($A66*손익분기계산기!$B$56+$A66*I$65*손익분기계산기!$B$57)-입력값!$B$96)/입력값!$B$98,0))*입력값!$B$100)*12),입력값!$A$57)-입력값!$A$56)*입력값!$B$57+MAX(0,MAX(0,($A66*I$65*손익분기계산기!$B$54-손익분기계산기!$B$58-IF(입력값!$B$99="비례",MAX(0,($A66*손익분기계산기!$B$56+$A66*I$65*손익분기계산기!$B$57)-입력값!$B$96)/입력값!$B$98,ROUNDUP(MAX(0,($A66*손익분기계산기!$B$56+$A66*I$65*손익분기계산기!$B$57)-입력값!$B$96)/입력값!$B$98,0))*입력값!$B$100)*12)-입력값!$A$57)*입력값!$B$58)*(1+입력값!$B$59)*(1-입력값!$B$60)/12)-MAX(0,(($A66*I$65*손익분기계산기!$B$54-손익분기계산기!$B$58-IF(입력값!$B$99="비례",MAX(0,($A66*손익분기계산기!$B$56+$A66*I$65*손익분기계산기!$B$57)-입력값!$B$96)/입력값!$B$98,ROUNDUP(MAX(0,($A66*손익분기계산기!$B$56+$A66*I$65*손익분기계산기!$B$57)-입력값!$B$96)/입력값!$B$98,0))*입력값!$B$100)-(MIN(MAX(0,($A66*I$65*손익분기계산기!$B$54-손익분기계산기!$B$58-IF(입력값!$B$99="비례",MAX(0,($A66*손익분기계산기!$B$56+$A66*I$65*손익분기계산기!$B$57)-입력값!$B$96)/입력값!$B$98,ROUNDUP(MAX(0,($A66*손익분기계산기!$B$56+$A66*I$65*손익분기계산기!$B$57)-입력값!$B$96)/입력값!$B$98,0))*입력값!$B$100)*12),입력값!$A$55)*입력값!$B$55+MAX(0,MIN(MAX(0,($A66*I$65*손익분기계산기!$B$54-손익분기계산기!$B$58-IF(입력값!$B$99="비례",MAX(0,($A66*손익분기계산기!$B$56+$A66*I$65*손익분기계산기!$B$57)-입력값!$B$96)/입력값!$B$98,ROUNDUP(MAX(0,($A66*손익분기계산기!$B$56+$A66*I$65*손익분기계산기!$B$57)-입력값!$B$96)/입력값!$B$98,0))*입력값!$B$100)*12),입력값!$A$56)-입력값!$A$55)*입력값!$B$56+MAX(0,MIN(MAX(0,($A66*I$65*손익분기계산기!$B$54-손익분기계산기!$B$58-IF(입력값!$B$99="비례",MAX(0,($A66*손익분기계산기!$B$56+$A66*I$65*손익분기계산기!$B$57)-입력값!$B$96)/입력값!$B$98,ROUNDUP(MAX(0,($A66*손익분기계산기!$B$56+$A66*I$65*손익분기계산기!$B$57)-입력값!$B$96)/입력값!$B$98,0))*입력값!$B$100)*12),입력값!$A$57)-입력값!$A$56)*입력값!$B$57+MAX(0,MAX(0,($A66*I$65*손익분기계산기!$B$54-손익분기계산기!$B$58-IF(입력값!$B$99="비례",MAX(0,($A66*손익분기계산기!$B$56+$A66*I$65*손익분기계산기!$B$57)-입력값!$B$96)/입력값!$B$98,ROUNDUP(MAX(0,($A66*손익분기계산기!$B$56+$A66*I$65*손익분기계산기!$B$57)-입력값!$B$96)/입력값!$B$98,0))*입력값!$B$100)*12)-입력값!$A$57)*입력값!$B$58)*(1+입력값!$B$59)*(1-입력값!$B$60)/12))*입력값!$B$64
A67: 10 | B67: =(($A67*B$65*손익분기계산기!$B$54-손익분기계산기!$B$58-IF(입력값!$B$99="비례",MAX(0,($A67*손익분기계산기!$B$56+$A67*B$65*손익분기계산기!$B$57)-입력값!$B$96)/입력값!$B$98,ROUNDUP(MAX(0,($A67*손익분기계산기!$B$56+$A67*B$65*손익분기계산기!$B$57)-입력값!$B$96)/입력값!$B$98,0))*입력값!$B$100)-(MIN(MAX(0,($A67*B$65*손익분기계산기!$B$54-손익분기계산기!$B$58-IF(입력값!$B$99="비례",MAX(0,($A67*손익분기계산기!$B$56+$A67*B$65*손익분기계산기!$B$57)-입력값!$B$96)/입력값!$B$98,ROUNDUP(MAX(0,($A67*손익분기계산기!$B$56+$A67*B$65*손익분기계산기!$B$57)-입력값!$B$96)/입력값!$B$98,0))*입력값!$B$100)*12),입력값!$A$55)*입력값!$B$55+MAX(0,MIN(MAX(0,($A67*B$65*손익분기계산기!$B$54-손익분기계산기!$B$58-IF(입력값!$B$99="비례",MAX(0,($A67*손익분기계산기!$B$56+$A67*B$65*손익분기계산기!$B$57)-입력값!$B$96)/입력값!$B$98,ROUNDUP(MAX(0,($A67*손익분기계산기!$B$56+$A67*B$65*손익분기계산기!$B$57)-입력값!$B$96)/입력값!$B$98,0))*입력값!$B$100)*12),입력값!$A$56)-입력값!$A$55)*입력값!$B$56+MAX(0,MIN(MAX(0,($A67*B$65*손익분기계산기!$B$54-손익분기계산기!$B$58-IF(입력값!$B$99="비례",MAX(0,($A67*손익분기계산기!$B$56+$A67*B$65*손익분기계산기!$B$57)-입력값!$B$96)/입력값!$B$98,ROUNDUP(MAX(0,($A67*손익분기계산기!$B$56+$A67*B$65*손익분기계산기!$B$57)-입력값!$B$96)/입력값!$B$98,0))*입력값!$B$100)*12),입력값!$A$57)-입력값!$A$56)*입력값!$B$57+MAX(0,MAX(0,($A67*B$65*손익분기계산기!$B$54-손익분기계산기!$B$58-IF(입력값!$B$99="비례",MAX(0,($A67*손익분기계산기!$B$56+$A67*B$65*손익분기계산기!$B$57)-입력값!$B$96)/입력값!$B$98,ROUNDUP(MAX(0,($A67*손익분기계산기!$B$56+$A67*B$65*손익분기계산기!$B$57)-입력값!$B$96)/입력값!$B$98,0))*입력값!$B$100)*12)-입력값!$A$57)*입력값!$B$58)*(1+입력값!$B$59)*(1-입력값!$B$60)/12)-MAX(0,(($A67*B$65*손익분기계산기!$B$54-손익분기계산기!$B$58-IF(입력값!$B$99="비례",MAX(0,($A67*손익분기계산기!$B$56+$A67*B$65*손익분기계산기!$B$57)-입력값!$B$96)/입력값!$B$98,ROUNDUP(MAX(0,($A67*손익분기계산기!$B$56+$A67*B$65*손익분기계산기!$B$57)-입력값!$B$96)/입력값!$B$98,0))*입력값!$B$100)-(MIN(MAX(0,($A67*B$65*손익분기계산기!$B$54-손익분기계산기!$B$58-IF(입력값!$B$99="비례",MAX(0,($A67*손익분기계산기!$B$56+$A67*B$65*손익분기계산기!$B$57)-입력값!$B$96)/입력값!$B$98,ROUNDUP(MAX(0,($A67*손익분기계산기!$B$56+$A67*B$65*손익분기계산기!$B$57)-입력값!$B$96)/입력값!$B$98,0))*입력값!$B$100)*12),입력값!$A$55)*입력값!$B$55+MAX(0,MIN(MAX(0,($A67*B$65*손익분기계산기!$B$54-손익분기계산기!$B$58-IF(입력값!$B$99="비례",MAX(0,($A67*손익분기계산기!$B$56+$A67*B$65*손익분기계산기!$B$57)-입력값!$B$96)/입력값!$B$98,ROUNDUP(MAX(0,($A67*손익분기계산기!$B$56+$A67*B$65*손익분기계산기!$B$57)-입력값!$B$96)/입력값!$B$98,0))*입력값!$B$100)*12),입력값!$A$56)-입력값!$A$55)*입력값!$B$56+MAX(0,MIN(MAX(0,($A67*B$65*손익분기계산기!$B$54-손익분기계산기!$B$58-IF(입력값!$B$99="비례",MAX(0,($A67*손익분기계산기!$B$56+$A67*B$65*손익분기계산기!$B$57)-입력값!$B$96)/입력값!$B$98,ROUNDUP(MAX(0,($A67*손익분기계산기!$B$56+$A67*B$65*손익분기계산기!$B$57)-입력값!$B$96)/입력값!$B$98,0))*입력값!$B$100)*12),입력값!$A$57)-입력값!$A$56)*입력값!$B$57+MAX(0,MAX(0,($A67*B$65*손익분기계산기!$B$54-손익분기계산기!$B$58-IF(입력값!$B$99="비례",MAX(0,($A67*손익분기계산기!$B$56+$A67*B$65*손익분기계산기!$B$57)-입력값!$B$96)/입력값!$B$98,ROUNDUP(MAX(0,($A67*손익분기계산기!$B$56+$A67*B$65*손익분기계산기!$B$57)-입력값!$B$96)/입력값!$B$98,0))*입력값!$B$100)*12)-입력값!$A$57)*입력값!$B$58)*(1+입력값!$B$59)*(1-입력값!$B$60)/12))*입력값!$B$64 | C67: =(($A67*C$65*손익분기계산기!$B$54-손익분기계산기!$B$58-IF(입력값!$B$99="비례",MAX(0,($A67*손익분기계산기!$B$56+$A67*C$65*손익분기계산기!$B$57)-입력값!$B$96)/입력값!$B$98,ROUNDUP(MAX(0,($A67*손익분기계산기!$B$56+$A67*C$65*손익분기계산기!$B$57)-입력값!$B$96)/입력값!$B$98,0))*입력값!$B$100)-(MIN(MAX(0,($A67*C$65*손익분기계산기!$B$54-손익분기계산기!$B$58-IF(입력값!$B$99="비례",MAX(0,($A67*손익분기계산기!$B$56+$A67*C$65*손익분기계산기!$B$57)-입력값!$B$96)/입력값!$B$98,ROUNDUP(MAX(0,($A67*손익분기계산기!$B$56+$A67*C$65*손익분기계산기!$B$57)-입력값!$B$96)/입력값!$B$98,0))*입력값!$B$100)*12),입력값!$A$55)*입력값!$B$55+MAX(0,MIN(MAX(0,($A67*C$65*손익분기계산기!$B$54-손익분기계산기!$B$58-IF(입력값!$B$99="비례",MAX(0,($A67*손익분기계산기!$B$56+$A67*C$65*손익분기계산기!$B$57)-입력값!$B$96)/입력값!$B$98,ROUNDUP(MAX(0,($A67*손익분기계산기!$B$56+$A67*C$65*손익분기계산기!$B$57)-입력값!$B$96)/입력값!$B$98,0))*입력값!$B$100)*12),입력값!$A$56)-입력값!$A$55)*입력값!$B$56+MAX(0,MIN(MAX(0,($A67*C$65*손익분기계산기!$B$54-손익분기계산기!$B$58-IF(입력값!$B$99="비례",MAX(0,($A67*손익분기계산기!$B$56+$A67*C$65*손익분기계산기!$B$57)-입력값!$B$96)/입력값!$B$98,ROUNDUP(MAX(0,($A67*손익분기계산기!$B$56+$A67*C$65*손익분기계산기!$B$57)-입력값!$B$96)/입력값!$B$98,0))*입력값!$B$100)*12),입력값!$A$57)-입력값!$A$56)*입력값!$B$57+MAX(0,MAX(0,($A67*C$65*손익분기계산기!$B$54-손익분기계산기!$B$58-IF(입력값!$B$99="비례",MAX(0,($A67*손익분기계산기!$B$56+$A67*C$65*손익분기계산기!$B$57)-입력값!$B$96)/입력값!$B$98,ROUNDUP(MAX(0,($A67*손익분기계산기!$B$56+$A67*C$65*손익분기계산기!$B$57)-입력값!$B$96)/입력값!$B$98,0))*입력값!$B$100)*12)-입력값!$A$57)*입력값!$B$58)*(1+입력값!$B$59)*(1-입력값!$B$60)/12)-MAX(0,(($A67*C$65*손익분기계산기!$B$54-손익분기계산기!$B$58-IF(입력값!$B$99="비례",MAX(0,($A67*손익분기계산기!$B$56+$A67*C$65*손익분기계산기!$B$57)-입력값!$B$96)/입력값!$B$98,ROUNDUP(MAX(0,($A67*손익분기계산기!$B$56+$A67*C$65*손익분기계산기!$B$57)-입력값!$B$96)/입력값!$B$98,0))*입력값!$B$100)-(MIN(MAX(0,($A67*C$65*손익분기계산기!$B$54-손익분기계산기!$B$58-IF(입력값!$B$99="비례",MAX(0,($A67*손익분기계산기!$B$56+$A67*C$65*손익분기계산기!$B$57)-입력값!$B$96)/입력값!$B$98,ROUNDUP(MAX(0,($A67*손익분기계산기!$B$56+$A67*C$65*손익분기계산기!$B$57)-입력값!$B$96)/입력값!$B$98,0))*입력값!$B$100)*12),입력값!$A$55)*입력값!$B$55+MAX(0,MIN(MAX(0,($A67*C$65*손익분기계산기!$B$54-손익분기계산기!$B$58-IF(입력값!$B$99="비례",MAX(0,($A67*손익분기계산기!$B$56+$A67*C$65*손익분기계산기!$B$57)-입력값!$B$96)/입력값!$B$98,ROUNDUP(MAX(0,($A67*손익분기계산기!$B$56+$A67*C$65*손익분기계산기!$B$57)-입력값!$B$96)/입력값!$B$98,0))*입력값!$B$100)*12),입력값!$A$56)-입력값!$A$55)*입력값!$B$56+MAX(0,MIN(MAX(0,($A67*C$65*손익분기계산기!$B$54-손익분기계산기!$B$58-IF(입력값!$B$99="비례",MAX(0,($A67*손익분기계산기!$B$56+$A67*C$65*손익분기계산기!$B$57)-입력값!$B$96)/입력값!$B$98,ROUNDUP(MAX(0,($A67*손익분기계산기!$B$56+$A67*C$65*손익분기계산기!$B$57)-입력값!$B$96)/입력값!$B$98,0))*입력값!$B$100)*12),입력값!$A$57)-입력값!$A$56)*입력값!$B$57+MAX(0,MAX(0,($A67*C$65*손익분기계산기!$B$54-손익분기계산기!$B$58-IF(입력값!$B$99="비례",MAX(0,($A67*손익분기계산기!$B$56+$A67*C$65*손익분기계산기!$B$57)-입력값!$B$96)/입력값!$B$98,ROUNDUP(MAX(0,($A67*손익분기계산기!$B$56+$A67*C$65*손익분기계산기!$B$57)-입력값!$B$96)/입력값!$B$98,0))*입력값!$B$100)*12)-입력값!$A$57)*입력값!$B$58)*(1+입력값!$B$59)*(1-입력값!$B$60)/12))*입력값!$B$64 | D67: =(($A67*D$65*손익분기계산기!$B$54-손익분기계산기!$B$58-IF(입력값!$B$99="비례",MAX(0,($A67*손익분기계산기!$B$56+$A67*D$65*손익분기계산기!$B$57)-입력값!$B$96)/입력값!$B$98,ROUNDUP(MAX(0,($A67*손익분기계산기!$B$56+$A67*D$65*손익분기계산기!$B$57)-입력값!$B$96)/입력값!$B$98,0))*입력값!$B$100)-(MIN(MAX(0,($A67*D$65*손익분기계산기!$B$54-손익분기계산기!$B$58-IF(입력값!$B$99="비례",MAX(0,($A67*손익분기계산기!$B$56+$A67*D$65*손익분기계산기!$B$57)-입력값!$B$96)/입력값!$B$98,ROUNDUP(MAX(0,($A67*손익분기계산기!$B$56+$A67*D$65*손익분기계산기!$B$57)-입력값!$B$96)/입력값!$B$98,0))*입력값!$B$100)*12),입력값!$A$55)*입력값!$B$55+MAX(0,MIN(MAX(0,($A67*D$65*손익분기계산기!$B$54-손익분기계산기!$B$58-IF(입력값!$B$99="비례",MAX(0,($A67*손익분기계산기!$B$56+$A67*D$65*손익분기계산기!$B$57)-입력값!$B$96)/입력값!$B$98,ROUNDUP(MAX(0,($A67*손익분기계산기!$B$56+$A67*D$65*손익분기계산기!$B$57)-입력값!$B$96)/입력값!$B$98,0))*입력값!$B$100)*12),입력값!$A$56)-입력값!$A$55)*입력값!$B$56+MAX(0,MIN(MAX(0,($A67*D$65*손익분기계산기!$B$54-손익분기계산기!$B$58-IF(입력값!$B$99="비례",MAX(0,($A67*손익분기계산기!$B$56+$A67*D$65*손익분기계산기!$B$57)-입력값!$B$96)/입력값!$B$98,ROUNDUP(MAX(0,($A67*손익분기계산기!$B$56+$A67*D$65*손익분기계산기!$B$57)-입력값!$B$96)/입력값!$B$98,0))*입력값!$B$100)*12),입력값!$A$57)-입력값!$A$56)*입력값!$B$57+MAX(0,MAX(0,($A67*D$65*손익분기계산기!$B$54-손익분기계산기!$B$58-IF(입력값!$B$99="비례",MAX(0,($A67*손익분기계산기!$B$56+$A67*D$65*손익분기계산기!$B$57)-입력값!$B$96)/입력값!$B$98,ROUNDUP(MAX(0,($A67*손익분기계산기!$B$56+$A67*D$65*손익분기계산기!$B$57)-입력값!$B$96)/입력값!$B$98,0))*입력값!$B$100)*12)-입력값!$A$57)*입력값!$B$58)*(1+입력값!$B$59)*(1-입력값!$B$60)/12)-MAX(0,(($A67*D$65*손익분기계산기!$B$54-손익분기계산기!$B$58-IF(입력값!$B$99="비례",MAX(0,($A67*손익분기계산기!$B$56+$A67*D$65*손익분기계산기!$B$57)-입력값!$B$96)/입력값!$B$98,ROUNDUP(MAX(0,($A67*손익분기계산기!$B$56+$A67*D$65*손익분기계산기!$B$57)-입력값!$B$96)/입력값!$B$98,0))*입력값!$B$100)-(MIN(MAX(0,($A67*D$65*손익분기계산기!$B$54-손익분기계산기!$B$58-IF(입력값!$B$99="비례",MAX(0,($A67*손익분기계산기!$B$56+$A67*D$65*손익분기계산기!$B$57)-입력값!$B$96)/입력값!$B$98,ROUNDUP(MAX(0,($A67*손익분기계산기!$B$56+$A67*D$65*손익분기계산기!$B$57)-입력값!$B$96)/입력값!$B$98,0))*입력값!$B$100)*12),입력값!$A$55)*입력값!$B$55+MAX(0,MIN(MAX(0,($A67*D$65*손익분기계산기!$B$54-손익분기계산기!$B$58-IF(입력값!$B$99="비례",MAX(0,($A67*손익분기계산기!$B$56+$A67*D$65*손익분기계산기!$B$57)-입력값!$B$96)/입력값!$B$98,ROUNDUP(MAX(0,($A67*손익분기계산기!$B$56+$A67*D$65*손익분기계산기!$B$57)-입력값!$B$96)/입력값!$B$98,0))*입력값!$B$100)*12),입력값!$A$56)-입력값!$A$55)*입력값!$B$56+MAX(0,MIN(MAX(0,($A67*D$65*손익분기계산기!$B$54-손익분기계산기!$B$58-IF(입력값!$B$99="비례",MAX(0,($A67*손익분기계산기!$B$56+$A67*D$65*손익분기계산기!$B$57)-입력값!$B$96)/입력값!$B$98,ROUNDUP(MAX(0,($A67*손익분기계산기!$B$56+$A67*D$65*손익분기계산기!$B$57)-입력값!$B$96)/입력값!$B$98,0))*입력값!$B$100)*12),입력값!$A$57)-입력값!$A$56)*입력값!$B$57+MAX(0,MAX(0,($A67*D$65*손익분기계산기!$B$54-손익분기계산기!$B$58-IF(입력값!$B$99="비례",MAX(0,($A67*손익분기계산기!$B$56+$A67*D$65*손익분기계산기!$B$57)-입력값!$B$96)/입력값!$B$98,ROUNDUP(MAX(0,($A67*손익분기계산기!$B$56+$A67*D$65*손익분기계산기!$B$57)-입력값!$B$96)/입력값!$B$98,0))*입력값!$B$100)*12)-입력값!$A$57)*입력값!$B$58)*(1+입력값!$B$59)*(1-입력값!$B$60)/12))*입력값!$B$64 | E67: =(($A67*E$65*손익분기계산기!$B$54-손익분기계산기!$B$58-IF(입력값!$B$99="비례",MAX(0,($A67*손익분기계산기!$B$56+$A67*E$65*손익분기계산기!$B$57)-입력값!$B$96)/입력값!$B$98,ROUNDUP(MAX(0,($A67*손익분기계산기!$B$56+$A67*E$65*손익분기계산기!$B$57)-입력값!$B$96)/입력값!$B$98,0))*입력값!$B$100)-(MIN(MAX(0,($A67*E$65*손익분기계산기!$B$54-손익분기계산기!$B$58-IF(입력값!$B$99="비례",MAX(0,($A67*손익분기계산기!$B$56+$A67*E$65*손익분기계산기!$B$57)-입력값!$B$96)/입력값!$B$98,ROUNDUP(MAX(0,($A67*손익분기계산기!$B$56+$A67*E$65*손익분기계산기!$B$57)-입력값!$B$96)/입력값!$B$98,0))*입력값!$B$100)*12),입력값!$A$55)*입력값!$B$55+MAX(0,MIN(MAX(0,($A67*E$65*손익분기계산기!$B$54-손익분기계산기!$B$58-IF(입력값!$B$99="비례",MAX(0,($A67*손익분기계산기!$B$56+$A67*E$65*손익분기계산기!$B$57)-입력값!$B$96)/입력값!$B$98,ROUNDUP(MAX(0,($A67*손익분기계산기!$B$56+$A67*E$65*손익분기계산기!$B$57)-입력값!$B$96)/입력값!$B$98,0))*입력값!$B$100)*12),입력값!$A$56)-입력값!$A$55)*입력값!$B$56+MAX(0,MIN(MAX(0,($A67*E$65*손익분기계산기!$B$54-손익분기계산기!$B$58-IF(입력값!$B$99="비례",MAX(0,($A67*손익분기계산기!$B$56+$A67*E$65*손익분기계산기!$B$57)-입력값!$B$96)/입력값!$B$98,ROUNDUP(MAX(0,($A67*손익분기계산기!$B$56+$A67*E$65*손익분기계산기!$B$57)-입력값!$B$96)/입력값!$B$98,0))*입력값!$B$100)*12),입력값!$A$57)-입력값!$A$56)*입력값!$B$57+MAX(0,MAX(0,($A67*E$65*손익분기계산기!$B$54-손익분기계산기!$B$58-IF(입력값!$B$99="비례",MAX(0,($A67*손익분기계산기!$B$56+$A67*E$65*손익분기계산기!$B$57)-입력값!$B$96)/입력값!$B$98,ROUNDUP(MAX(0,($A67*손익분기계산기!$B$56+$A67*E$65*손익분기계산기!$B$57)-입력값!$B$96)/입력값!$B$98,0))*입력값!$B$100)*12)-입력값!$A$57)*입력값!$B$58)*(1+입력값!$B$59)*(1-입력값!$B$60)/12)-MAX(0,(($A67*E$65*손익분기계산기!$B$54-손익분기계산기!$B$58-IF(입력값!$B$99="비례",MAX(0,($A67*손익분기계산기!$B$56+$A67*E$65*손익분기계산기!$B$57)-입력값!$B$96)/입력값!$B$98,ROUNDUP(MAX(0,($A67*손익분기계산기!$B$56+$A67*E$65*손익분기계산기!$B$57)-입력값!$B$96)/입력값!$B$98,0))*입력값!$B$100)-(MIN(MAX(0,($A67*E$65*손익분기계산기!$B$54-손익분기계산기!$B$58-IF(입력값!$B$99="비례",MAX(0,($A67*손익분기계산기!$B$56+$A67*E$65*손익분기계산기!$B$57)-입력값!$B$96)/입력값!$B$98,ROUNDUP(MAX(0,($A67*손익분기계산기!$B$56+$A67*E$65*손익분기계산기!$B$57)-입력값!$B$96)/입력값!$B$98,0))*입력값!$B$100)*12),입력값!$A$55)*입력값!$B$55+MAX(0,MIN(MAX(0,($A67*E$65*손익분기계산기!$B$54-손익분기계산기!$B$58-IF(입력값!$B$99="비례",MAX(0,($A67*손익분기계산기!$B$56+$A67*E$65*손익분기계산기!$B$57)-입력값!$B$96)/입력값!$B$98,ROUNDUP(MAX(0,($A67*손익분기계산기!$B$56+$A67*E$65*손익분기계산기!$B$57)-입력값!$B$96)/입력값!$B$98,0))*입력값!$B$100)*12),입력값!$A$56)-입력값!$A$55)*입력값!$B$56+MAX(0,MIN(MAX(0,($A67*E$65*손익분기계산기!$B$54-손익분기계산기!$B$58-IF(입력값!$B$99="비례",MAX(0,($A67*손익분기계산기!$B$56+$A67*E$65*손익분기계산기!$B$57)-입력값!$B$96)/입력값!$B$98,ROUNDUP(MAX(0,($A67*손익분기계산기!$B$56+$A67*E$65*손익분기계산기!$B$57)-입력값!$B$96)/입력값!$B$98,0))*입력값!$B$100)*12),입력값!$A$57)-입력값!$A$56)*입력값!$B$57+MAX(0,MAX(0,($A67*E$65*손익분기계산기!$B$54-손익분기계산기!$B$58-IF(입력값!$B$99="비례",MAX(0,($A67*손익분기계산기!$B$56+$A67*E$65*손익분기계산기!$B$57)-입력값!$B$96)/입력값!$B$98,ROUNDUP(MAX(0,($A67*손익분기계산기!$B$56+$A67*E$65*손익분기계산기!$B$57)-입력값!$B$96)/입력값!$B$98,0))*입력값!$B$100)*12)-입력값!$A$57)*입력값!$B$58)*(1+입력값!$B$59)*(1-입력값!$B$60)/12))*입력값!$B$64 | F67: =(($A67*F$65*손익분기계산기!$B$54-손익분기계산기!$B$58-IF(입력값!$B$99="비례",MAX(0,($A67*손익분기계산기!$B$56+$A67*F$65*손익분기계산기!$B$57)-입력값!$B$96)/입력값!$B$98,ROUNDUP(MAX(0,($A67*손익분기계산기!$B$56+$A67*F$65*손익분기계산기!$B$57)-입력값!$B$96)/입력값!$B$98,0))*입력값!$B$100)-(MIN(MAX(0,($A67*F$65*손익분기계산기!$B$54-손익분기계산기!$B$58-IF(입력값!$B$99="비례",MAX(0,($A67*손익분기계산기!$B$56+$A67*F$65*손익분기계산기!$B$57)-입력값!$B$96)/입력값!$B$98,ROUNDUP(MAX(0,($A67*손익분기계산기!$B$56+$A67*F$65*손익분기계산기!$B$57)-입력값!$B$96)/입력값!$B$98,0))*입력값!$B$100)*12),입력값!$A$55)*입력값!$B$55+MAX(0,MIN(MAX(0,($A67*F$65*손익분기계산기!$B$54-손익분기계산기!$B$58-IF(입력값!$B$99="비례",MAX(0,($A67*손익분기계산기!$B$56+$A67*F$65*손익분기계산기!$B$57)-입력값!$B$96)/입력값!$B$98,ROUNDUP(MAX(0,($A67*손익분기계산기!$B$56+$A67*F$65*손익분기계산기!$B$57)-입력값!$B$96)/입력값!$B$98,0))*입력값!$B$100)*12),입력값!$A$56)-입력값!$A$55)*입력값!$B$56+MAX(0,MIN(MAX(0,($A67*F$65*손익분기계산기!$B$54-손익분기계산기!$B$58-IF(입력값!$B$99="비례",MAX(0,($A67*손익분기계산기!$B$56+$A67*F$65*손익분기계산기!$B$57)-입력값!$B$96)/입력값!$B$98,ROUNDUP(MAX(0,($A67*손익분기계산기!$B$56+$A67*F$65*손익분기계산기!$B$57)-입력값!$B$96)/입력값!$B$98,0))*입력값!$B$100)*12),입력값!$A$57)-입력값!$A$56)*입력값!$B$57+MAX(0,MAX(0,($A67*F$65*손익분기계산기!$B$54-손익분기계산기!$B$58-IF(입력값!$B$99="비례",MAX(0,($A67*손익분기계산기!$B$56+$A67*F$65*손익분기계산기!$B$57)-입력값!$B$96)/입력값!$B$98,ROUNDUP(MAX(0,($A67*손익분기계산기!$B$56+$A67*F$65*손익분기계산기!$B$57)-입력값!$B$96)/입력값!$B$98,0))*입력값!$B$100)*12)-입력값!$A$57)*입력값!$B$58)*(1+입력값!$B$59)*(1-입력값!$B$60)/12)-MAX(0,(($A67*F$65*손익분기계산기!$B$54-손익분기계산기!$B$58-IF(입력값!$B$99="비례",MAX(0,($A67*손익분기계산기!$B$56+$A67*F$65*손익분기계산기!$B$57)-입력값!$B$96)/입력값!$B$98,ROUNDUP(MAX(0,($A67*손익분기계산기!$B$56+$A67*F$65*손익분기계산기!$B$57)-입력값!$B$96)/입력값!$B$98,0))*입력값!$B$100)-(MIN(MAX(0,($A67*F$65*손익분기계산기!$B$54-손익분기계산기!$B$58-IF(입력값!$B$99="비례",MAX(0,($A67*손익분기계산기!$B$56+$A67*F$65*손익분기계산기!$B$57)-입력값!$B$96)/입력값!$B$98,ROUNDUP(MAX(0,($A67*손익분기계산기!$B$56+$A67*F$65*손익분기계산기!$B$57)-입력값!$B$96)/입력값!$B$98,0))*입력값!$B$100)*12),입력값!$A$55)*입력값!$B$55+MAX(0,MIN(MAX(0,($A67*F$65*손익분기계산기!$B$54-손익분기계산기!$B$58-IF(입력값!$B$99="비례",MAX(0,($A67*손익분기계산기!$B$56+$A67*F$65*손익분기계산기!$B$57)-입력값!$B$96)/입력값!$B$98,ROUNDUP(MAX(0,($A67*손익분기계산기!$B$56+$A67*F$65*손익분기계산기!$B$57)-입력값!$B$96)/입력값!$B$98,0))*입력값!$B$100)*12),입력값!$A$56)-입력값!$A$55)*입력값!$B$56+MAX(0,MIN(MAX(0,($A67*F$65*손익분기계산기!$B$54-손익분기계산기!$B$58-IF(입력값!$B$99="비례",MAX(0,($A67*손익분기계산기!$B$56+$A67*F$65*손익분기계산기!$B$57)-입력값!$B$96)/입력값!$B$98,ROUNDUP(MAX(0,($A67*손익분기계산기!$B$56+$A67*F$65*손익분기계산기!$B$57)-입력값!$B$96)/입력값!$B$98,0))*입력값!$B$100)*12),입력값!$A$57)-입력값!$A$56)*입력값!$B$57+MAX(0,MAX(0,($A67*F$65*손익분기계산기!$B$54-손익분기계산기!$B$58-IF(입력값!$B$99="비례",MAX(0,($A67*손익분기계산기!$B$56+$A67*F$65*손익분기계산기!$B$57)-입력값!$B$96)/입력값!$B$98,ROUNDUP(MAX(0,($A67*손익분기계산기!$B$56+$A67*F$65*손익분기계산기!$B$57)-입력값!$B$96)/입력값!$B$98,0))*입력값!$B$100)*12)-입력값!$A$57)*입력값!$B$58)*(1+입력값!$B$59)*(1-입력값!$B$60)/12))*입력값!$B$64 | G67: =(($A67*G$65*손익분기계산기!$B$54-손익분기계산기!$B$58-IF(입력값!$B$99="비례",MAX(0,($A67*손익분기계산기!$B$56+$A67*G$65*손익분기계산기!$B$57)-입력값!$B$96)/입력값!$B$98,ROUNDUP(MAX(0,($A67*손익분기계산기!$B$56+$A67*G$65*손익분기계산기!$B$57)-입력값!$B$96)/입력값!$B$98,0))*입력값!$B$100)-(MIN(MAX(0,($A67*G$65*손익분기계산기!$B$54-손익분기계산기!$B$58-IF(입력값!$B$99="비례",MAX(0,($A67*손익분기계산기!$B$56+$A67*G$65*손익분기계산기!$B$57)-입력값!$B$96)/입력값!$B$98,ROUNDUP(MAX(0,($A67*손익분기계산기!$B$56+$A67*G$65*손익분기계산기!$B$57)-입력값!$B$96)/입력값!$B$98,0))*입력값!$B$100)*12),입력값!$A$55)*입력값!$B$55+MAX(0,MIN(MAX(0,($A67*G$65*손익분기계산기!$B$54-손익분기계산기!$B$58-IF(입력값!$B$99="비례",MAX(0,($A67*손익분기계산기!$B$56+$A67*G$65*손익분기계산기!$B$57)-입력값!$B$96)/입력값!$B$98,ROUNDUP(MAX(0,($A67*손익분기계산기!$B$56+$A67*G$65*손익분기계산기!$B$57)-입력값!$B$96)/입력값!$B$98,0))*입력값!$B$100)*12),입력값!$A$56)-입력값!$A$55)*입력값!$B$56+MAX(0,MIN(MAX(0,($A67*G$65*손익분기계산기!$B$54-손익분기계산기!$B$58-IF(입력값!$B$99="비례",MAX(0,($A67*손익분기계산기!$B$56+$A67*G$65*손익분기계산기!$B$57)-입력값!$B$96)/입력값!$B$98,ROUNDUP(MAX(0,($A67*손익분기계산기!$B$56+$A67*G$65*손익분기계산기!$B$57)-입력값!$B$96)/입력값!$B$98,0))*입력값!$B$100)*12),입력값!$A$57)-입력값!$A$56)*입력값!$B$57+MAX(0,MAX(0,($A67*G$65*손익분기계산기!$B$54-손익분기계산기!$B$58-IF(입력값!$B$99="비례",MAX(0,($A67*손익분기계산기!$B$56+$A67*G$65*손익분기계산기!$B$57)-입력값!$B$96)/입력값!$B$98,ROUNDUP(MAX(0,($A67*손익분기계산기!$B$56+$A67*G$65*손익분기계산기!$B$57)-입력값!$B$96)/입력값!$B$98,0))*입력값!$B$100)*12)-입력값!$A$57)*입력값!$B$58)*(1+입력값!$B$59)*(1-입력값!$B$60)/12)-MAX(0,(($A67*G$65*손익분기계산기!$B$54-손익분기계산기!$B$58-IF(입력값!$B$99="비례",MAX(0,($A67*손익분기계산기!$B$56+$A67*G$65*손익분기계산기!$B$57)-입력값!$B$96)/입력값!$B$98,ROUNDUP(MAX(0,($A67*손익분기계산기!$B$56+$A67*G$65*손익분기계산기!$B$57)-입력값!$B$96)/입력값!$B$98,0))*입력값!$B$100)-(MIN(MAX(0,($A67*G$65*손익분기계산기!$B$54-손익분기계산기!$B$58-IF(입력값!$B$99="비례",MAX(0,($A67*손익분기계산기!$B$56+$A67*G$65*손익분기계산기!$B$57)-입력값!$B$96)/입력값!$B$98,ROUNDUP(MAX(0,($A67*손익분기계산기!$B$56+$A67*G$65*손익분기계산기!$B$57)-입력값!$B$96)/입력값!$B$98,0))*입력값!$B$100)*12),입력값!$A$55)*입력값!$B$55+MAX(0,MIN(MAX(0,($A67*G$65*손익분기계산기!$B$54-손익분기계산기!$B$58-IF(입력값!$B$99="비례",MAX(0,($A67*손익분기계산기!$B$56+$A67*G$65*손익분기계산기!$B$57)-입력값!$B$96)/입력값!$B$98,ROUNDUP(MAX(0,($A67*손익분기계산기!$B$56+$A67*G$65*손익분기계산기!$B$57)-입력값!$B$96)/입력값!$B$98,0))*입력값!$B$100)*12),입력값!$A$56)-입력값!$A$55)*입력값!$B$56+MAX(0,MIN(MAX(0,($A67*G$65*손익분기계산기!$B$54-손익분기계산기!$B$58-IF(입력값!$B$99="비례",MAX(0,($A67*손익분기계산기!$B$56+$A67*G$65*손익분기계산기!$B$57)-입력값!$B$96)/입력값!$B$98,ROUNDUP(MAX(0,($A67*손익분기계산기!$B$56+$A67*G$65*손익분기계산기!$B$57)-입력값!$B$96)/입력값!$B$98,0))*입력값!$B$100)*12),입력값!$A$57)-입력값!$A$56)*입력값!$B$57+MAX(0,MAX(0,($A67*G$65*손익분기계산기!$B$54-손익분기계산기!$B$58-IF(입력값!$B$99="비례",MAX(0,($A67*손익분기계산기!$B$56+$A67*G$65*손익분기계산기!$B$57)-입력값!$B$96)/입력값!$B$98,ROUNDUP(MAX(0,($A67*손익분기계산기!$B$56+$A67*G$65*손익분기계산기!$B$57)-입력값!$B$96)/입력값!$B$98,0))*입력값!$B$100)*12)-입력값!$A$57)*입력값!$B$58)*(1+입력값!$B$59)*(1-입력값!$B$60)/12))*입력값!$B$64 | H67: =(($A67*H$65*손익분기계산기!$B$54-손익분기계산기!$B$58-IF(입력값!$B$99="비례",MAX(0,($A67*손익분기계산기!$B$56+$A67*H$65*손익분기계산기!$B$57)-입력값!$B$96)/입력값!$B$98,ROUNDUP(MAX(0,($A67*손익분기계산기!$B$56+$A67*H$65*손익분기계산기!$B$57)-입력값!$B$96)/입력값!$B$98,0))*입력값!$B$100)-(MIN(MAX(0,($A67*H$65*손익분기계산기!$B$54-손익분기계산기!$B$58-IF(입력값!$B$99="비례",MAX(0,($A67*손익분기계산기!$B$56+$A67*H$65*손익분기계산기!$B$57)-입력값!$B$96)/입력값!$B$98,ROUNDUP(MAX(0,($A67*손익분기계산기!$B$56+$A67*H$65*손익분기계산기!$B$57)-입력값!$B$96)/입력값!$B$98,0))*입력값!$B$100)*12),입력값!$A$55)*입력값!$B$55+MAX(0,MIN(MAX(0,($A67*H$65*손익분기계산기!$B$54-손익분기계산기!$B$58-IF(입력값!$B$99="비례",MAX(0,($A67*손익분기계산기!$B$56+$A67*H$65*손익분기계산기!$B$57)-입력값!$B$96)/입력값!$B$98,ROUNDUP(MAX(0,($A67*손익분기계산기!$B$56+$A67*H$65*손익분기계산기!$B$57)-입력값!$B$96)/입력값!$B$98,0))*입력값!$B$100)*12),입력값!$A$56)-입력값!$A$55)*입력값!$B$56+MAX(0,MIN(MAX(0,($A67*H$65*손익분기계산기!$B$54-손익분기계산기!$B$58-IF(입력값!$B$99="비례",MAX(0,($A67*손익분기계산기!$B$56+$A67*H$65*손익분기계산기!$B$57)-입력값!$B$96)/입력값!$B$98,ROUNDUP(MAX(0,($A67*손익분기계산기!$B$56+$A67*H$65*손익분기계산기!$B$57)-입력값!$B$96)/입력값!$B$98,0))*입력값!$B$100)*12),입력값!$A$57)-입력값!$A$56)*입력값!$B$57+MAX(0,MAX(0,($A67*H$65*손익분기계산기!$B$54-손익분기계산기!$B$58-IF(입력값!$B$99="비례",MAX(0,($A67*손익분기계산기!$B$56+$A67*H$65*손익분기계산기!$B$57)-입력값!$B$96)/입력값!$B$98,ROUNDUP(MAX(0,($A67*손익분기계산기!$B$56+$A67*H$65*손익분기계산기!$B$57)-입력값!$B$96)/입력값!$B$98,0))*입력값!$B$100)*12)-입력값!$A$57)*입력값!$B$58)*(1+입력값!$B$59)*(1-입력값!$B$60)/12)-MAX(0,(($A67*H$65*손익분기계산기!$B$54-손익분기계산기!$B$58-IF(입력값!$B$99="비례",MAX(0,($A67*손익분기계산기!$B$56+$A67*H$65*손익분기계산기!$B$57)-입력값!$B$96)/입력값!$B$98,ROUNDUP(MAX(0,($A67*손익분기계산기!$B$56+$A67*H$65*손익분기계산기!$B$57)-입력값!$B$96)/입력값!$B$98,0))*입력값!$B$100)-(MIN(MAX(0,($A67*H$65*손익분기계산기!$B$54-손익분기계산기!$B$58-IF(입력값!$B$99="비례",MAX(0,($A67*손익분기계산기!$B$56+$A67*H$65*손익분기계산기!$B$57)-입력값!$B$96)/입력값!$B$98,ROUNDUP(MAX(0,($A67*손익분기계산기!$B$56+$A67*H$65*손익분기계산기!$B$57)-입력값!$B$96)/입력값!$B$98,0))*입력값!$B$100)*12),입력값!$A$55)*입력값!$B$55+MAX(0,MIN(MAX(0,($A67*H$65*손익분기계산기!$B$54-손익분기계산기!$B$58-IF(입력값!$B$99="비례",MAX(0,($A67*손익분기계산기!$B$56+$A67*H$65*손익분기계산기!$B$57)-입력값!$B$96)/입력값!$B$98,ROUNDUP(MAX(0,($A67*손익분기계산기!$B$56+$A67*H$65*손익분기계산기!$B$57)-입력값!$B$96)/입력값!$B$98,0))*입력값!$B$100)*12),입력값!$A$56)-입력값!$A$55)*입력값!$B$56+MAX(0,MIN(MAX(0,($A67*H$65*손익분기계산기!$B$54-손익분기계산기!$B$58-IF(입력값!$B$99="비례",MAX(0,($A67*손익분기계산기!$B$56+$A67*H$65*손익분기계산기!$B$57)-입력값!$B$96)/입력값!$B$98,ROUNDUP(MAX(0,($A67*손익분기계산기!$B$56+$A67*H$65*손익분기계산기!$B$57)-입력값!$B$96)/입력값!$B$98,0))*입력값!$B$100)*12),입력값!$A$57)-입력값!$A$56)*입력값!$B$57+MAX(0,MAX(0,($A67*H$65*손익분기계산기!$B$54-손익분기계산기!$B$58-IF(입력값!$B$99="비례",MAX(0,($A67*손익분기계산기!$B$56+$A67*H$65*손익분기계산기!$B$57)-입력값!$B$96)/입력값!$B$98,ROUNDUP(MAX(0,($A67*손익분기계산기!$B$56+$A67*H$65*손익분기계산기!$B$57)-입력값!$B$96)/입력값!$B$98,0))*입력값!$B$100)*12)-입력값!$A$57)*입력값!$B$58)*(1+입력값!$B$59)*(1-입력값!$B$60)/12))*입력값!$B$64 | I67: =(($A67*I$65*손익분기계산기!$B$54-손익분기계산기!$B$58-IF(입력값!$B$99="비례",MAX(0,($A67*손익분기계산기!$B$56+$A67*I$65*손익분기계산기!$B$57)-입력값!$B$96)/입력값!$B$98,ROUNDUP(MAX(0,($A67*손익분기계산기!$B$56+$A67*I$65*손익분기계산기!$B$57)-입력값!$B$96)/입력값!$B$98,0))*입력값!$B$100)-(MIN(MAX(0,($A67*I$65*손익분기계산기!$B$54-손익분기계산기!$B$58-IF(입력값!$B$99="비례",MAX(0,($A67*손익분기계산기!$B$56+$A67*I$65*손익분기계산기!$B$57)-입력값!$B$96)/입력값!$B$98,ROUNDUP(MAX(0,($A67*손익분기계산기!$B$56+$A67*I$65*손익분기계산기!$B$57)-입력값!$B$96)/입력값!$B$98,0))*입력값!$B$100)*12),입력값!$A$55)*입력값!$B$55+MAX(0,MIN(MAX(0,($A67*I$65*손익분기계산기!$B$54-손익분기계산기!$B$58-IF(입력값!$B$99="비례",MAX(0,($A67*손익분기계산기!$B$56+$A67*I$65*손익분기계산기!$B$57)-입력값!$B$96)/입력값!$B$98,ROUNDUP(MAX(0,($A67*손익분기계산기!$B$56+$A67*I$65*손익분기계산기!$B$57)-입력값!$B$96)/입력값!$B$98,0))*입력값!$B$100)*12),입력값!$A$56)-입력값!$A$55)*입력값!$B$56+MAX(0,MIN(MAX(0,($A67*I$65*손익분기계산기!$B$54-손익분기계산기!$B$58-IF(입력값!$B$99="비례",MAX(0,($A67*손익분기계산기!$B$56+$A67*I$65*손익분기계산기!$B$57)-입력값!$B$96)/입력값!$B$98,ROUNDUP(MAX(0,($A67*손익분기계산기!$B$56+$A67*I$65*손익분기계산기!$B$57)-입력값!$B$96)/입력값!$B$98,0))*입력값!$B$100)*12),입력값!$A$57)-입력값!$A$56)*입력값!$B$57+MAX(0,MAX(0,($A67*I$65*손익분기계산기!$B$54-손익분기계산기!$B$58-IF(입력값!$B$99="비례",MAX(0,($A67*손익분기계산기!$B$56+$A67*I$65*손익분기계산기!$B$57)-입력값!$B$96)/입력값!$B$98,ROUNDUP(MAX(0,($A67*손익분기계산기!$B$56+$A67*I$65*손익분기계산기!$B$57)-입력값!$B$96)/입력값!$B$98,0))*입력값!$B$100)*12)-입력값!$A$57)*입력값!$B$58)*(1+입력값!$B$59)*(1-입력값!$B$60)/12)-MAX(0,(($A67*I$65*손익분기계산기!$B$54-손익분기계산기!$B$58-IF(입력값!$B$99="비례",MAX(0,($A67*손익분기계산기!$B$56+$A67*I$65*손익분기계산기!$B$57)-입력값!$B$96)/입력값!$B$98,ROUNDUP(MAX(0,($A67*손익분기계산기!$B$56+$A67*I$65*손익분기계산기!$B$57)-입력값!$B$96)/입력값!$B$98,0))*입력값!$B$100)-(MIN(MAX(0,($A67*I$65*손익분기계산기!$B$54-손익분기계산기!$B$58-IF(입력값!$B$99="비례",MAX(0,($A67*손익분기계산기!$B$56+$A67*I$65*손익분기계산기!$B$57)-입력값!$B$96)/입력값!$B$98,ROUNDUP(MAX(0,($A67*손익분기계산기!$B$56+$A67*I$65*손익분기계산기!$B$57)-입력값!$B$96)/입력값!$B$98,0))*입력값!$B$100)*12),입력값!$A$55)*입력값!$B$55+MAX(0,MIN(MAX(0,($A67*I$65*손익분기계산기!$B$54-손익분기계산기!$B$58-IF(입력값!$B$99="비례",MAX(0,($A67*손익분기계산기!$B$56+$A67*I$65*손익분기계산기!$B$57)-입력값!$B$96)/입력값!$B$98,ROUNDUP(MAX(0,($A67*손익분기계산기!$B$56+$A67*I$65*손익분기계산기!$B$57)-입력값!$B$96)/입력값!$B$98,0))*입력값!$B$100)*12),입력값!$A$56)-입력값!$A$55)*입력값!$B$56+MAX(0,MIN(MAX(0,($A67*I$65*손익분기계산기!$B$54-손익분기계산기!$B$58-IF(입력값!$B$99="비례",MAX(0,($A67*손익분기계산기!$B$56+$A67*I$65*손익분기계산기!$B$57)-입력값!$B$96)/입력값!$B$98,ROUNDUP(MAX(0,($A67*손익분기계산기!$B$56+$A67*I$65*손익분기계산기!$B$57)-입력값!$B$96)/입력값!$B$98,0))*입력값!$B$100)*12),입력값!$A$57)-입력값!$A$56)*입력값!$B$57+MAX(0,MAX(0,($A67*I$65*손익분기계산기!$B$54-손익분기계산기!$B$58-IF(입력값!$B$99="비례",MAX(0,($A67*손익분기계산기!$B$56+$A67*I$65*손익분기계산기!$B$57)-입력값!$B$96)/입력값!$B$98,ROUNDUP(MAX(0,($A67*손익분기계산기!$B$56+$A67*I$65*손익분기계산기!$B$57)-입력값!$B$96)/입력값!$B$98,0))*입력값!$B$100)*12)-입력값!$A$57)*입력값!$B$58)*(1+입력값!$B$59)*(1-입력값!$B$60)/12))*입력값!$B$64
A68: 15 | B68: =(($A68*B$65*손익분기계산기!$B$54-손익분기계산기!$B$58-IF(입력값!$B$99="비례",MAX(0,($A68*손익분기계산기!$B$56+$A68*B$65*손익분기계산기!$B$57)-입력값!$B$96)/입력값!$B$98,ROUNDUP(MAX(0,($A68*손익분기계산기!$B$56+$A68*B$65*손익분기계산기!$B$57)-입력값!$B$96)/입력값!$B$98,0))*입력값!$B$100)-(MIN(MAX(0,($A68*B$65*손익분기계산기!$B$54-손익분기계산기!$B$58-IF(입력값!$B$99="비례",MAX(0,($A68*손익분기계산기!$B$56+$A68*B$65*손익분기계산기!$B$57)-입력값!$B$96)/입력값!$B$98,ROUNDUP(MAX(0,($A68*손익분기계산기!$B$56+$A68*B$65*손익분기계산기!$B$57)-입력값!$B$96)/입력값!$B$98,0))*입력값!$B$100)*12),입력값!$A$55)*입력값!$B$55+MAX(0,MIN(MAX(0,($A68*B$65*손익분기계산기!$B$54-손익분기계산기!$B$58-IF(입력값!$B$99="비례",MAX(0,($A68*손익분기계산기!$B$56+$A68*B$65*손익분기계산기!$B$57)-입력값!$B$96)/입력값!$B$98,ROUNDUP(MAX(0,($A68*손익분기계산기!$B$56+$A68*B$65*손익분기계산기!$B$57)-입력값!$B$96)/입력값!$B$98,0))*입력값!$B$100)*12),입력값!$A$56)-입력값!$A$55)*입력값!$B$56+MAX(0,MIN(MAX(0,($A68*B$65*손익분기계산기!$B$54-손익분기계산기!$B$58-IF(입력값!$B$99="비례",MAX(0,($A68*손익분기계산기!$B$56+$A68*B$65*손익분기계산기!$B$57)-입력값!$B$96)/입력값!$B$98,ROUNDUP(MAX(0,($A68*손익분기계산기!$B$56+$A68*B$65*손익분기계산기!$B$57)-입력값!$B$96)/입력값!$B$98,0))*입력값!$B$100)*12),입력값!$A$57)-입력값!$A$56)*입력값!$B$57+MAX(0,MAX(0,($A68*B$65*손익분기계산기!$B$54-손익분기계산기!$B$58-IF(입력값!$B$99="비례",MAX(0,($A68*손익분기계산기!$B$56+$A68*B$65*손익분기계산기!$B$57)-입력값!$B$96)/입력값!$B$98,ROUNDUP(MAX(0,($A68*손익분기계산기!$B$56+$A68*B$65*손익분기계산기!$B$57)-입력값!$B$96)/입력값!$B$98,0))*입력값!$B$100)*12)-입력값!$A$57)*입력값!$B$58)*(1+입력값!$B$59)*(1-입력값!$B$60)/12)-MAX(0,(($A68*B$65*손익분기계산기!$B$54-손익분기계산기!$B$58-IF(입력값!$B$99="비례",MAX(0,($A68*손익분기계산기!$B$56+$A68*B$65*손익분기계산기!$B$57)-입력값!$B$96)/입력값!$B$98,ROUNDUP(MAX(0,($A68*손익분기계산기!$B$56+$A68*B$65*손익분기계산기!$B$57)-입력값!$B$96)/입력값!$B$98,0))*입력값!$B$100)-(MIN(MAX(0,($A68*B$65*손익분기계산기!$B$54-손익분기계산기!$B$58-IF(입력값!$B$99="비례",MAX(0,($A68*손익분기계산기!$B$56+$A68*B$65*손익분기계산기!$B$57)-입력값!$B$96)/입력값!$B$98,ROUNDUP(MAX(0,($A68*손익분기계산기!$B$56+$A68*B$65*손익분기계산기!$B$57)-입력값!$B$96)/입력값!$B$98,0))*입력값!$B$100)*12),입력값!$A$55)*입력값!$B$55+MAX(0,MIN(MAX(0,($A68*B$65*손익분기계산기!$B$54-손익분기계산기!$B$58-IF(입력값!$B$99="비례",MAX(0,($A68*손익분기계산기!$B$56+$A68*B$65*손익분기계산기!$B$57)-입력값!$B$96)/입력값!$B$98,ROUNDUP(MAX(0,($A68*손익분기계산기!$B$56+$A68*B$65*손익분기계산기!$B$57)-입력값!$B$96)/입력값!$B$98,0))*입력값!$B$100)*12),입력값!$A$56)-입력값!$A$55)*입력값!$B$56+MAX(0,MIN(MAX(0,($A68*B$65*손익분기계산기!$B$54-손익분기계산기!$B$58-IF(입력값!$B$99="비례",MAX(0,($A68*손익분기계산기!$B$56+$A68*B$65*손익분기계산기!$B$57)-입력값!$B$96)/입력값!$B$98,ROUNDUP(MAX(0,($A68*손익분기계산기!$B$56+$A68*B$65*손익분기계산기!$B$57)-입력값!$B$96)/입력값!$B$98,0))*입력값!$B$100)*12),입력값!$A$57)-입력값!$A$56)*입력값!$B$57+MAX(0,MAX(0,($A68*B$65*손익분기계산기!$B$54-손익분기계산기!$B$58-IF(입력값!$B$99="비례",MAX(0,($A68*손익분기계산기!$B$56+$A68*B$65*손익분기계산기!$B$57)-입력값!$B$96)/입력값!$B$98,ROUNDUP(MAX(0,($A68*손익분기계산기!$B$56+$A68*B$65*손익분기계산기!$B$57)-입력값!$B$96)/입력값!$B$98,0))*입력값!$B$100)*12)-입력값!$A$57)*입력값!$B$58)*(1+입력값!$B$59)*(1-입력값!$B$60)/12))*입력값!$B$64 | C68: =(($A68*C$65*손익분기계산기!$B$54-손익분기계산기!$B$58-IF(입력값!$B$99="비례",MAX(0,($A68*손익분기계산기!$B$56+$A68*C$65*손익분기계산기!$B$57)-입력값!$B$96)/입력값!$B$98,ROUNDUP(MAX(0,($A68*손익분기계산기!$B$56+$A68*C$65*손익분기계산기!$B$57)-입력값!$B$96)/입력값!$B$98,0))*입력값!$B$100)-(MIN(MAX(0,($A68*C$65*손익분기계산기!$B$54-손익분기계산기!$B$58-IF(입력값!$B$99="비례",MAX(0,($A68*손익분기계산기!$B$56+$A68*C$65*손익분기계산기!$B$57)-입력값!$B$96)/입력값!$B$98,ROUNDUP(MAX(0,($A68*손익분기계산기!$B$56+$A68*C$65*손익분기계산기!$B$57)-입력값!$B$96)/입력값!$B$98,0))*입력값!$B$100)*12),입력값!$A$55)*입력값!$B$55+MAX(0,MIN(MAX(0,($A68*C$65*손익분기계산기!$B$54-손익분기계산기!$B$58-IF(입력값!$B$99="비례",MAX(0,($A68*손익분기계산기!$B$56+$A68*C$65*손익분기계산기!$B$57)-입력값!$B$96)/입력값!$B$98,ROUNDUP(MAX(0,($A68*손익분기계산기!$B$56+$A68*C$65*손익분기계산기!$B$57)-입력값!$B$96)/입력값!$B$98,0))*입력값!$B$100)*12),입력값!$A$56)-입력값!$A$55)*입력값!$B$56+MAX(0,MIN(MAX(0,($A68*C$65*손익분기계산기!$B$54-손익분기계산기!$B$58-IF(입력값!$B$99="비례",MAX(0,($A68*손익분기계산기!$B$56+$A68*C$65*손익분기계산기!$B$57)-입력값!$B$96)/입력값!$B$98,ROUNDUP(MAX(0,($A68*손익분기계산기!$B$56+$A68*C$65*손익분기계산기!$B$57)-입력값!$B$96)/입력값!$B$98,0))*입력값!$B$100)*12),입력값!$A$57)-입력값!$A$56)*입력값!$B$57+MAX(0,MAX(0,($A68*C$65*손익분기계산기!$B$54-손익분기계산기!$B$58-IF(입력값!$B$99="비례",MAX(0,($A68*손익분기계산기!$B$56+$A68*C$65*손익분기계산기!$B$57)-입력값!$B$96)/입력값!$B$98,ROUNDUP(MAX(0,($A68*손익분기계산기!$B$56+$A68*C$65*손익분기계산기!$B$57)-입력값!$B$96)/입력값!$B$98,0))*입력값!$B$100)*12)-입력값!$A$57)*입력값!$B$58)*(1+입력값!$B$59)*(1-입력값!$B$60)/12)-MAX(0,(($A68*C$65*손익분기계산기!$B$54-손익분기계산기!$B$58-IF(입력값!$B$99="비례",MAX(0,($A68*손익분기계산기!$B$56+$A68*C$65*손익분기계산기!$B$57)-입력값!$B$96)/입력값!$B$98,ROUNDUP(MAX(0,($A68*손익분기계산기!$B$56+$A68*C$65*손익분기계산기!$B$57)-입력값!$B$96)/입력값!$B$98,0))*입력값!$B$100)-(MIN(MAX(0,($A68*C$65*손익분기계산기!$B$54-손익분기계산기!$B$58-IF(입력값!$B$99="비례",MAX(0,($A68*손익분기계산기!$B$56+$A68*C$65*손익분기계산기!$B$57)-입력값!$B$96)/입력값!$B$98,ROUNDUP(MAX(0,($A68*손익분기계산기!$B$56+$A68*C$65*손익분기계산기!$B$57)-입력값!$B$96)/입력값!$B$98,0))*입력값!$B$100)*12),입력값!$A$55)*입력값!$B$55+MAX(0,MIN(MAX(0,($A68*C$65*손익분기계산기!$B$54-손익분기계산기!$B$58-IF(입력값!$B$99="비례",MAX(0,($A68*손익분기계산기!$B$56+$A68*C$65*손익분기계산기!$B$57)-입력값!$B$96)/입력값!$B$98,ROUNDUP(MAX(0,($A68*손익분기계산기!$B$56+$A68*C$65*손익분기계산기!$B$57)-입력값!$B$96)/입력값!$B$98,0))*입력값!$B$100)*12),입력값!$A$56)-입력값!$A$55)*입력값!$B$56+MAX(0,MIN(MAX(0,($A68*C$65*손익분기계산기!$B$54-손익분기계산기!$B$58-IF(입력값!$B$99="비례",MAX(0,($A68*손익분기계산기!$B$56+$A68*C$65*손익분기계산기!$B$57)-입력값!$B$96)/입력값!$B$98,ROUNDUP(MAX(0,($A68*손익분기계산기!$B$56+$A68*C$65*손익분기계산기!$B$57)-입력값!$B$96)/입력값!$B$98,0))*입력값!$B$100)*12),입력값!$A$57)-입력값!$A$56)*입력값!$B$57+MAX(0,MAX(0,($A68*C$65*손익분기계산기!$B$54-손익분기계산기!$B$58-IF(입력값!$B$99="비례",MAX(0,($A68*손익분기계산기!$B$56+$A68*C$65*손익분기계산기!$B$57)-입력값!$B$96)/입력값!$B$98,ROUNDUP(MAX(0,($A68*손익분기계산기!$B$56+$A68*C$65*손익분기계산기!$B$57)-입력값!$B$96)/입력값!$B$98,0))*입력값!$B$100)*12)-입력값!$A$57)*입력값!$B$58)*(1+입력값!$B$59)*(1-입력값!$B$60)/12))*입력값!$B$64 | D68: =(($A68*D$65*손익분기계산기!$B$54-손익분기계산기!$B$58-IF(입력값!$B$99="비례",MAX(0,($A68*손익분기계산기!$B$56+$A68*D$65*손익분기계산기!$B$57)-입력값!$B$96)/입력값!$B$98,ROUNDUP(MAX(0,($A68*손익분기계산기!$B$56+$A68*D$65*손익분기계산기!$B$57)-입력값!$B$96)/입력값!$B$98,0))*입력값!$B$100)-(MIN(MAX(0,($A68*D$65*손익분기계산기!$B$54-손익분기계산기!$B$58-IF(입력값!$B$99="비례",MAX(0,($A68*손익분기계산기!$B$56+$A68*D$65*손익분기계산기!$B$57)-입력값!$B$96)/입력값!$B$98,ROUNDUP(MAX(0,($A68*손익분기계산기!$B$56+$A68*D$65*손익분기계산기!$B$57)-입력값!$B$96)/입력값!$B$98,0))*입력값!$B$100)*12),입력값!$A$55)*입력값!$B$55+MAX(0,MIN(MAX(0,($A68*D$65*손익분기계산기!$B$54-손익분기계산기!$B$58-IF(입력값!$B$99="비례",MAX(0,($A68*손익분기계산기!$B$56+$A68*D$65*손익분기계산기!$B$57)-입력값!$B$96)/입력값!$B$98,ROUNDUP(MAX(0,($A68*손익분기계산기!$B$56+$A68*D$65*손익분기계산기!$B$57)-입력값!$B$96)/입력값!$B$98,0))*입력값!$B$100)*12),입력값!$A$56)-입력값!$A$55)*입력값!$B$56+MAX(0,MIN(MAX(0,($A68*D$65*손익분기계산기!$B$54-손익분기계산기!$B$58-IF(입력값!$B$99="비례",MAX(0,($A68*손익분기계산기!$B$56+$A68*D$65*손익분기계산기!$B$57)-입력값!$B$96)/입력값!$B$98,ROUNDUP(MAX(0,($A68*손익분기계산기!$B$56+$A68*D$65*손익분기계산기!$B$57)-입력값!$B$96)/입력값!$B$98,0))*입력값!$B$100)*12),입력값!$A$57)-입력값!$A$56)*입력값!$B$57+MAX(0,MAX(0,($A68*D$65*손익분기계산기!$B$54-손익분기계산기!$B$58-IF(입력값!$B$99="비례",MAX(0,($A68*손익분기계산기!$B$56+$A68*D$65*손익분기계산기!$B$57)-입력값!$B$96)/입력값!$B$98,ROUNDUP(MAX(0,($A68*손익분기계산기!$B$56+$A68*D$65*손익분기계산기!$B$57)-입력값!$B$96)/입력값!$B$98,0))*입력값!$B$100)*12)-입력값!$A$57)*입력값!$B$58)*(1+입력값!$B$59)*(1-입력값!$B$60)/12)-MAX(0,(($A68*D$65*손익분기계산기!$B$54-손익분기계산기!$B$58-IF(입력값!$B$99="비례",MAX(0,($A68*손익분기계산기!$B$56+$A68*D$65*손익분기계산기!$B$57)-입력값!$B$96)/입력값!$B$98,ROUNDUP(MAX(0,($A68*손익분기계산기!$B$56+$A68*D$65*손익분기계산기!$B$57)-입력값!$B$96)/입력값!$B$98,0))*입력값!$B$100)-(MIN(MAX(0,($A68*D$65*손익분기계산기!$B$54-손익분기계산기!$B$58-IF(입력값!$B$99="비례",MAX(0,($A68*손익분기계산기!$B$56+$A68*D$65*손익분기계산기!$B$57)-입력값!$B$96)/입력값!$B$98,ROUNDUP(MAX(0,($A68*손익분기계산기!$B$56+$A68*D$65*손익분기계산기!$B$57)-입력값!$B$96)/입력값!$B$98,0))*입력값!$B$100)*12),입력값!$A$55)*입력값!$B$55+MAX(0,MIN(MAX(0,($A68*D$65*손익분기계산기!$B$54-손익분기계산기!$B$58-IF(입력값!$B$99="비례",MAX(0,($A68*손익분기계산기!$B$56+$A68*D$65*손익분기계산기!$B$57)-입력값!$B$96)/입력값!$B$98,ROUNDUP(MAX(0,($A68*손익분기계산기!$B$56+$A68*D$65*손익분기계산기!$B$57)-입력값!$B$96)/입력값!$B$98,0))*입력값!$B$100)*12),입력값!$A$56)-입력값!$A$55)*입력값!$B$56+MAX(0,MIN(MAX(0,($A68*D$65*손익분기계산기!$B$54-손익분기계산기!$B$58-IF(입력값!$B$99="비례",MAX(0,($A68*손익분기계산기!$B$56+$A68*D$65*손익분기계산기!$B$57)-입력값!$B$96)/입력값!$B$98,ROUNDUP(MAX(0,($A68*손익분기계산기!$B$56+$A68*D$65*손익분기계산기!$B$57)-입력값!$B$96)/입력값!$B$98,0))*입력값!$B$100)*12),입력값!$A$57)-입력값!$A$56)*입력값!$B$57+MAX(0,MAX(0,($A68*D$65*손익분기계산기!$B$54-손익분기계산기!$B$58-IF(입력값!$B$99="비례",MAX(0,($A68*손익분기계산기!$B$56+$A68*D$65*손익분기계산기!$B$57)-입력값!$B$96)/입력값!$B$98,ROUNDUP(MAX(0,($A68*손익분기계산기!$B$56+$A68*D$65*손익분기계산기!$B$57)-입력값!$B$96)/입력값!$B$98,0))*입력값!$B$100)*12)-입력값!$A$57)*입력값!$B$58)*(1+입력값!$B$59)*(1-입력값!$B$60)/12))*입력값!$B$64 | E68: =(($A68*E$65*손익분기계산기!$B$54-손익분기계산기!$B$58-IF(입력값!$B$99="비례",MAX(0,($A68*손익분기계산기!$B$56+$A68*E$65*손익분기계산기!$B$57)-입력값!$B$96)/입력값!$B$98,ROUNDUP(MAX(0,($A68*손익분기계산기!$B$56+$A68*E$65*손익분기계산기!$B$57)-입력값!$B$96)/입력값!$B$98,0))*입력값!$B$100)-(MIN(MAX(0,($A68*E$65*손익분기계산기!$B$54-손익분기계산기!$B$58-IF(입력값!$B$99="비례",MAX(0,($A68*손익분기계산기!$B$56+$A68*E$65*손익분기계산기!$B$57)-입력값!$B$96)/입력값!$B$98,ROUNDUP(MAX(0,($A68*손익분기계산기!$B$56+$A68*E$65*손익분기계산기!$B$57)-입력값!$B$96)/입력값!$B$98,0))*입력값!$B$100)*12),입력값!$A$55)*입력값!$B$55+MAX(0,MIN(MAX(0,($A68*E$65*손익분기계산기!$B$54-손익분기계산기!$B$58-IF(입력값!$B$99="비례",MAX(0,($A68*손익분기계산기!$B$56+$A68*E$65*손익분기계산기!$B$57)-입력값!$B$96)/입력값!$B$98,ROUNDUP(MAX(0,($A68*손익분기계산기!$B$56+$A68*E$65*손익분기계산기!$B$57)-입력값!$B$96)/입력값!$B$98,0))*입력값!$B$100)*12),입력값!$A$56)-입력값!$A$55)*입력값!$B$56+MAX(0,MIN(MAX(0,($A68*E$65*손익분기계산기!$B$54-손익분기계산기!$B$58-IF(입력값!$B$99="비례",MAX(0,($A68*손익분기계산기!$B$56+$A68*E$65*손익분기계산기!$B$57)-입력값!$B$96)/입력값!$B$98,ROUNDUP(MAX(0,($A68*손익분기계산기!$B$56+$A68*E$65*손익분기계산기!$B$57)-입력값!$B$96)/입력값!$B$98,0))*입력값!$B$100)*12),입력값!$A$57)-입력값!$A$56)*입력값!$B$57+MAX(0,MAX(0,($A68*E$65*손익분기계산기!$B$54-손익분기계산기!$B$58-IF(입력값!$B$99="비례",MAX(0,($A68*손익분기계산기!$B$56+$A68*E$65*손익분기계산기!$B$57)-입력값!$B$96)/입력값!$B$98,ROUNDUP(MAX(0,($A68*손익분기계산기!$B$56+$A68*E$65*손익분기계산기!$B$57)-입력값!$B$96)/입력값!$B$98,0))*입력값!$B$100)*12)-입력값!$A$57)*입력값!$B$58)*(1+입력값!$B$59)*(1-입력값!$B$60)/12)-MAX(0,(($A68*E$65*손익분기계산기!$B$54-손익분기계산기!$B$58-IF(입력값!$B$99="비례",MAX(0,($A68*손익분기계산기!$B$56+$A68*E$65*손익분기계산기!$B$57)-입력값!$B$96)/입력값!$B$98,ROUNDUP(MAX(0,($A68*손익분기계산기!$B$56+$A68*E$65*손익분기계산기!$B$57)-입력값!$B$96)/입력값!$B$98,0))*입력값!$B$100)-(MIN(MAX(0,($A68*E$65*손익분기계산기!$B$54-손익분기계산기!$B$58-IF(입력값!$B$99="비례",MAX(0,($A68*손익분기계산기!$B$56+$A68*E$65*손익분기계산기!$B$57)-입력값!$B$96)/입력값!$B$98,ROUNDUP(MAX(0,($A68*손익분기계산기!$B$56+$A68*E$65*손익분기계산기!$B$57)-입력값!$B$96)/입력값!$B$98,0))*입력값!$B$100)*12),입력값!$A$55)*입력값!$B$55+MAX(0,MIN(MAX(0,($A68*E$65*손익분기계산기!$B$54-손익분기계산기!$B$58-IF(입력값!$B$99="비례",MAX(0,($A68*손익분기계산기!$B$56+$A68*E$65*손익분기계산기!$B$57)-입력값!$B$96)/입력값!$B$98,ROUNDUP(MAX(0,($A68*손익분기계산기!$B$56+$A68*E$65*손익분기계산기!$B$57)-입력값!$B$96)/입력값!$B$98,0))*입력값!$B$100)*12),입력값!$A$56)-입력값!$A$55)*입력값!$B$56+MAX(0,MIN(MAX(0,($A68*E$65*손익분기계산기!$B$54-손익분기계산기!$B$58-IF(입력값!$B$99="비례",MAX(0,($A68*손익분기계산기!$B$56+$A68*E$65*손익분기계산기!$B$57)-입력값!$B$96)/입력값!$B$98,ROUNDUP(MAX(0,($A68*손익분기계산기!$B$56+$A68*E$65*손익분기계산기!$B$57)-입력값!$B$96)/입력값!$B$98,0))*입력값!$B$100)*12),입력값!$A$57)-입력값!$A$56)*입력값!$B$57+MAX(0,MAX(0,($A68*E$65*손익분기계산기!$B$54-손익분기계산기!$B$58-IF(입력값!$B$99="비례",MAX(0,($A68*손익분기계산기!$B$56+$A68*E$65*손익분기계산기!$B$57)-입력값!$B$96)/입력값!$B$98,ROUNDUP(MAX(0,($A68*손익분기계산기!$B$56+$A68*E$65*손익분기계산기!$B$57)-입력값!$B$96)/입력값!$B$98,0))*입력값!$B$100)*12)-입력값!$A$57)*입력값!$B$58)*(1+입력값!$B$59)*(1-입력값!$B$60)/12))*입력값!$B$64 | F68: =(($A68*F$65*손익분기계산기!$B$54-손익분기계산기!$B$58-IF(입력값!$B$99="비례",MAX(0,($A68*손익분기계산기!$B$56+$A68*F$65*손익분기계산기!$B$57)-입력값!$B$96)/입력값!$B$98,ROUNDUP(MAX(0,($A68*손익분기계산기!$B$56+$A68*F$65*손익분기계산기!$B$57)-입력값!$B$96)/입력값!$B$98,0))*입력값!$B$100)-(MIN(MAX(0,($A68*F$65*손익분기계산기!$B$54-손익분기계산기!$B$58-IF(입력값!$B$99="비례",MAX(0,($A68*손익분기계산기!$B$56+$A68*F$65*손익분기계산기!$B$57)-입력값!$B$96)/입력값!$B$98,ROUNDUP(MAX(0,($A68*손익분기계산기!$B$56+$A68*F$65*손익분기계산기!$B$57)-입력값!$B$96)/입력값!$B$98,0))*입력값!$B$100)*12),입력값!$A$55)*입력값!$B$55+MAX(0,MIN(MAX(0,($A68*F$65*손익분기계산기!$B$54-손익분기계산기!$B$58-IF(입력값!$B$99="비례",MAX(0,($A68*손익분기계산기!$B$56+$A68*F$65*손익분기계산기!$B$57)-입력값!$B$96)/입력값!$B$98,ROUNDUP(MAX(0,($A68*손익분기계산기!$B$56+$A68*F$65*손익분기계산기!$B$57)-입력값!$B$96)/입력값!$B$98,0))*입력값!$B$100)*12),입력값!$A$56)-입력값!$A$55)*입력값!$B$56+MAX(0,MIN(MAX(0,($A68*F$65*손익분기계산기!$B$54-손익분기계산기!$B$58-IF(입력값!$B$99="비례",MAX(0,($A68*손익분기계산기!$B$56+$A68*F$65*손익분기계산기!$B$57)-입력값!$B$96)/입력값!$B$98,ROUNDUP(MAX(0,($A68*손익분기계산기!$B$56+$A68*F$65*손익분기계산기!$B$57)-입력값!$B$96)/입력값!$B$98,0))*입력값!$B$100)*12),입력값!$A$57)-입력값!$A$56)*입력값!$B$57+MAX(0,MAX(0,($A68*F$65*손익분기계산기!$B$54-손익분기계산기!$B$58-IF(입력값!$B$99="비례",MAX(0,($A68*손익분기계산기!$B$56+$A68*F$65*손익분기계산기!$B$57)-입력값!$B$96)/입력값!$B$98,ROUNDUP(MAX(0,($A68*손익분기계산기!$B$56+$A68*F$65*손익분기계산기!$B$57)-입력값!$B$96)/입력값!$B$98,0))*입력값!$B$100)*12)-입력값!$A$57)*입력값!$B$58)*(1+입력값!$B$59)*(1-입력값!$B$60)/12)-MAX(0,(($A68*F$65*손익분기계산기!$B$54-손익분기계산기!$B$58-IF(입력값!$B$99="비례",MAX(0,($A68*손익분기계산기!$B$56+$A68*F$65*손익분기계산기!$B$57)-입력값!$B$96)/입력값!$B$98,ROUNDUP(MAX(0,($A68*손익분기계산기!$B$56+$A68*F$65*손익분기계산기!$B$57)-입력값!$B$96)/입력값!$B$98,0))*입력값!$B$100)-(MIN(MAX(0,($A68*F$65*손익분기계산기!$B$54-손익분기계산기!$B$58-IF(입력값!$B$99="비례",MAX(0,($A68*손익분기계산기!$B$56+$A68*F$65*손익분기계산기!$B$57)-입력값!$B$96)/입력값!$B$98,ROUNDUP(MAX(0,($A68*손익분기계산기!$B$56+$A68*F$65*손익분기계산기!$B$57)-입력값!$B$96)/입력값!$B$98,0))*입력값!$B$100)*12),입력값!$A$55)*입력값!$B$55+MAX(0,MIN(MAX(0,($A68*F$65*손익분기계산기!$B$54-손익분기계산기!$B$58-IF(입력값!$B$99="비례",MAX(0,($A68*손익분기계산기!$B$56+$A68*F$65*손익분기계산기!$B$57)-입력값!$B$96)/입력값!$B$98,ROUNDUP(MAX(0,($A68*손익분기계산기!$B$56+$A68*F$65*손익분기계산기!$B$57)-입력값!$B$96)/입력값!$B$98,0))*입력값!$B$100)*12),입력값!$A$56)-입력값!$A$55)*입력값!$B$56+MAX(0,MIN(MAX(0,($A68*F$65*손익분기계산기!$B$54-손익분기계산기!$B$58-IF(입력값!$B$99="비례",MAX(0,($A68*손익분기계산기!$B$56+$A68*F$65*손익분기계산기!$B$57)-입력값!$B$96)/입력값!$B$98,ROUNDUP(MAX(0,($A68*손익분기계산기!$B$56+$A68*F$65*손익분기계산기!$B$57)-입력값!$B$96)/입력값!$B$98,0))*입력값!$B$100)*12),입력값!$A$57)-입력값!$A$56)*입력값!$B$57+MAX(0,MAX(0,($A68*F$65*손익분기계산기!$B$54-손익분기계산기!$B$58-IF(입력값!$B$99="비례",MAX(0,($A68*손익분기계산기!$B$56+$A68*F$65*손익분기계산기!$B$57)-입력값!$B$96)/입력값!$B$98,ROUNDUP(MAX(0,($A68*손익분기계산기!$B$56+$A68*F$65*손익분기계산기!$B$57)-입력값!$B$96)/입력값!$B$98,0))*입력값!$B$100)*12)-입력값!$A$57)*입력값!$B$58)*(1+입력값!$B$59)*(1-입력값!$B$60)/12))*입력값!$B$64 | G68: =(($A68*G$65*손익분기계산기!$B$54-손익분기계산기!$B$58-IF(입력값!$B$99="비례",MAX(0,($A68*손익분기계산기!$B$56+$A68*G$65*손익분기계산기!$B$57)-입력값!$B$96)/입력값!$B$98,ROUNDUP(MAX(0,($A68*손익분기계산기!$B$56+$A68*G$65*손익분기계산기!$B$57)-입력값!$B$96)/입력값!$B$98,0))*입력값!$B$100)-(MIN(MAX(0,($A68*G$65*손익분기계산기!$B$54-손익분기계산기!$B$58-IF(입력값!$B$99="비례",MAX(0,($A68*손익분기계산기!$B$56+$A68*G$65*손익분기계산기!$B$57)-입력값!$B$96)/입력값!$B$98,ROUNDUP(MAX(0,($A68*손익분기계산기!$B$56+$A68*G$65*손익분기계산기!$B$57)-입력값!$B$96)/입력값!$B$98,0))*입력값!$B$100)*12),입력값!$A$55)*입력값!$B$55+MAX(0,MIN(MAX(0,($A68*G$65*손익분기계산기!$B$54-손익분기계산기!$B$58-IF(입력값!$B$99="비례",MAX(0,($A68*손익분기계산기!$B$56+$A68*G$65*손익분기계산기!$B$57)-입력값!$B$96)/입력값!$B$98,ROUNDUP(MAX(0,($A68*손익분기계산기!$B$56+$A68*G$65*손익분기계산기!$B$57)-입력값!$B$96)/입력값!$B$98,0))*입력값!$B$100)*12),입력값!$A$56)-입력값!$A$55)*입력값!$B$56+MAX(0,MIN(MAX(0,($A68*G$65*손익분기계산기!$B$54-손익분기계산기!$B$58-IF(입력값!$B$99="비례",MAX(0,($A68*손익분기계산기!$B$56+$A68*G$65*손익분기계산기!$B$57)-입력값!$B$96)/입력값!$B$98,ROUNDUP(MAX(0,($A68*손익분기계산기!$B$56+$A68*G$65*손익분기계산기!$B$57)-입력값!$B$96)/입력값!$B$98,0))*입력값!$B$100)*12),입력값!$A$57)-입력값!$A$56)*입력값!$B$57+MAX(0,MAX(0,($A68*G$65*손익분기계산기!$B$54-손익분기계산기!$B$58-IF(입력값!$B$99="비례",MAX(0,($A68*손익분기계산기!$B$56+$A68*G$65*손익분기계산기!$B$57)-입력값!$B$96)/입력값!$B$98,ROUNDUP(MAX(0,($A68*손익분기계산기!$B$56+$A68*G$65*손익분기계산기!$B$57)-입력값!$B$96)/입력값!$B$98,0))*입력값!$B$100)*12)-입력값!$A$57)*입력값!$B$58)*(1+입력값!$B$59)*(1-입력값!$B$60)/12)-MAX(0,(($A68*G$65*손익분기계산기!$B$54-손익분기계산기!$B$58-IF(입력값!$B$99="비례",MAX(0,($A68*손익분기계산기!$B$56+$A68*G$65*손익분기계산기!$B$57)-입력값!$B$96)/입력값!$B$98,ROUNDUP(MAX(0,($A68*손익분기계산기!$B$56+$A68*G$65*손익분기계산기!$B$57)-입력값!$B$96)/입력값!$B$98,0))*입력값!$B$100)-(MIN(MAX(0,($A68*G$65*손익분기계산기!$B$54-손익분기계산기!$B$58-IF(입력값!$B$99="비례",MAX(0,($A68*손익분기계산기!$B$56+$A68*G$65*손익분기계산기!$B$57)-입력값!$B$96)/입력값!$B$98,ROUNDUP(MAX(0,($A68*손익분기계산기!$B$56+$A68*G$65*손익분기계산기!$B$57)-입력값!$B$96)/입력값!$B$98,0))*입력값!$B$100)*12),입력값!$A$55)*입력값!$B$55+MAX(0,MIN(MAX(0,($A68*G$65*손익분기계산기!$B$54-손익분기계산기!$B$58-IF(입력값!$B$99="비례",MAX(0,($A68*손익분기계산기!$B$56+$A68*G$65*손익분기계산기!$B$57)-입력값!$B$96)/입력값!$B$98,ROUNDUP(MAX(0,($A68*손익분기계산기!$B$56+$A68*G$65*손익분기계산기!$B$57)-입력값!$B$96)/입력값!$B$98,0))*입력값!$B$100)*12),입력값!$A$56)-입력값!$A$55)*입력값!$B$56+MAX(0,MIN(MAX(0,($A68*G$65*손익분기계산기!$B$54-손익분기계산기!$B$58-IF(입력값!$B$99="비례",MAX(0,($A68*손익분기계산기!$B$56+$A68*G$65*손익분기계산기!$B$57)-입력값!$B$96)/입력값!$B$98,ROUNDUP(MAX(0,($A68*손익분기계산기!$B$56+$A68*G$65*손익분기계산기!$B$57)-입력값!$B$96)/입력값!$B$98,0))*입력값!$B$100)*12),입력값!$A$57)-입력값!$A$56)*입력값!$B$57+MAX(0,MAX(0,($A68*G$65*손익분기계산기!$B$54-손익분기계산기!$B$58-IF(입력값!$B$99="비례",MAX(0,($A68*손익분기계산기!$B$56+$A68*G$65*손익분기계산기!$B$57)-입력값!$B$96)/입력값!$B$98,ROUNDUP(MAX(0,($A68*손익분기계산기!$B$56+$A68*G$65*손익분기계산기!$B$57)-입력값!$B$96)/입력값!$B$98,0))*입력값!$B$100)*12)-입력값!$A$57)*입력값!$B$58)*(1+입력값!$B$59)*(1-입력값!$B$60)/12))*입력값!$B$64 | H68: =(($A68*H$65*손익분기계산기!$B$54-손익분기계산기!$B$58-IF(입력값!$B$99="비례",MAX(0,($A68*손익분기계산기!$B$56+$A68*H$65*손익분기계산기!$B$57)-입력값!$B$96)/입력값!$B$98,ROUNDUP(MAX(0,($A68*손익분기계산기!$B$56+$A68*H$65*손익분기계산기!$B$57)-입력값!$B$96)/입력값!$B$98,0))*입력값!$B$100)-(MIN(MAX(0,($A68*H$65*손익분기계산기!$B$54-손익분기계산기!$B$58-IF(입력값!$B$99="비례",MAX(0,($A68*손익분기계산기!$B$56+$A68*H$65*손익분기계산기!$B$57)-입력값!$B$96)/입력값!$B$98,ROUNDUP(MAX(0,($A68*손익분기계산기!$B$56+$A68*H$65*손익분기계산기!$B$57)-입력값!$B$96)/입력값!$B$98,0))*입력값!$B$100)*12),입력값!$A$55)*입력값!$B$55+MAX(0,MIN(MAX(0,($A68*H$65*손익분기계산기!$B$54-손익분기계산기!$B$58-IF(입력값!$B$99="비례",MAX(0,($A68*손익분기계산기!$B$56+$A68*H$65*손익분기계산기!$B$57)-입력값!$B$96)/입력값!$B$98,ROUNDUP(MAX(0,($A68*손익분기계산기!$B$56+$A68*H$65*손익분기계산기!$B$57)-입력값!$B$96)/입력값!$B$98,0))*입력값!$B$100)*12),입력값!$A$56)-입력값!$A$55)*입력값!$B$56+MAX(0,MIN(MAX(0,($A68*H$65*손익분기계산기!$B$54-손익분기계산기!$B$58-IF(입력값!$B$99="비례",MAX(0,($A68*손익분기계산기!$B$56+$A68*H$65*손익분기계산기!$B$57)-입력값!$B$96)/입력값!$B$98,ROUNDUP(MAX(0,($A68*손익분기계산기!$B$56+$A68*H$65*손익분기계산기!$B$57)-입력값!$B$96)/입력값!$B$98,0))*입력값!$B$100)*12),입력값!$A$57)-입력값!$A$56)*입력값!$B$57+MAX(0,MAX(0,($A68*H$65*손익분기계산기!$B$54-손익분기계산기!$B$58-IF(입력값!$B$99="비례",MAX(0,($A68*손익분기계산기!$B$56+$A68*H$65*손익분기계산기!$B$57)-입력값!$B$96)/입력값!$B$98,ROUNDUP(MAX(0,($A68*손익분기계산기!$B$56+$A68*H$65*손익분기계산기!$B$57)-입력값!$B$96)/입력값!$B$98,0))*입력값!$B$100)*12)-입력값!$A$57)*입력값!$B$58)*(1+입력값!$B$59)*(1-입력값!$B$60)/12)-MAX(0,(($A68*H$65*손익분기계산기!$B$54-손익분기계산기!$B$58-IF(입력값!$B$99="비례",MAX(0,($A68*손익분기계산기!$B$56+$A68*H$65*손익분기계산기!$B$57)-입력값!$B$96)/입력값!$B$98,ROUNDUP(MAX(0,($A68*손익분기계산기!$B$56+$A68*H$65*손익분기계산기!$B$57)-입력값!$B$96)/입력값!$B$98,0))*입력값!$B$100)-(MIN(MAX(0,($A68*H$65*손익분기계산기!$B$54-손익분기계산기!$B$58-IF(입력값!$B$99="비례",MAX(0,($A68*손익분기계산기!$B$56+$A68*H$65*손익분기계산기!$B$57)-입력값!$B$96)/입력값!$B$98,ROUNDUP(MAX(0,($A68*손익분기계산기!$B$56+$A68*H$65*손익분기계산기!$B$57)-입력값!$B$96)/입력값!$B$98,0))*입력값!$B$100)*12),입력값!$A$55)*입력값!$B$55+MAX(0,MIN(MAX(0,($A68*H$65*손익분기계산기!$B$54-손익분기계산기!$B$58-IF(입력값!$B$99="비례",MAX(0,($A68*손익분기계산기!$B$56+$A68*H$65*손익분기계산기!$B$57)-입력값!$B$96)/입력값!$B$98,ROUNDUP(MAX(0,($A68*손익분기계산기!$B$56+$A68*H$65*손익분기계산기!$B$57)-입력값!$B$96)/입력값!$B$98,0))*입력값!$B$100)*12),입력값!$A$56)-입력값!$A$55)*입력값!$B$56+MAX(0,MIN(MAX(0,($A68*H$65*손익분기계산기!$B$54-손익분기계산기!$B$58-IF(입력값!$B$99="비례",MAX(0,($A68*손익분기계산기!$B$56+$A68*H$65*손익분기계산기!$B$57)-입력값!$B$96)/입력값!$B$98,ROUNDUP(MAX(0,($A68*손익분기계산기!$B$56+$A68*H$65*손익분기계산기!$B$57)-입력값!$B$96)/입력값!$B$98,0))*입력값!$B$100)*12),입력값!$A$57)-입력값!$A$56)*입력값!$B$57+MAX(0,MAX(0,($A68*H$65*손익분기계산기!$B$54-손익분기계산기!$B$58-IF(입력값!$B$99="비례",MAX(0,($A68*손익분기계산기!$B$56+$A68*H$65*손익분기계산기!$B$57)-입력값!$B$96)/입력값!$B$98,ROUNDUP(MAX(0,($A68*손익분기계산기!$B$56+$A68*H$65*손익분기계산기!$B$57)-입력값!$B$96)/입력값!$B$98,0))*입력값!$B$100)*12)-입력값!$A$57)*입력값!$B$58)*(1+입력값!$B$59)*(1-입력값!$B$60)/12))*입력값!$B$64 | I68: =(($A68*I$65*손익분기계산기!$B$54-손익분기계산기!$B$58-IF(입력값!$B$99="비례",MAX(0,($A68*손익분기계산기!$B$56+$A68*I$65*손익분기계산기!$B$57)-입력값!$B$96)/입력값!$B$98,ROUNDUP(MAX(0,($A68*손익분기계산기!$B$56+$A68*I$65*손익분기계산기!$B$57)-입력값!$B$96)/입력값!$B$98,0))*입력값!$B$100)-(MIN(MAX(0,($A68*I$65*손익분기계산기!$B$54-손익분기계산기!$B$58-IF(입력값!$B$99="비례",MAX(0,($A68*손익분기계산기!$B$56+$A68*I$65*손익분기계산기!$B$57)-입력값!$B$96)/입력값!$B$98,ROUNDUP(MAX(0,($A68*손익분기계산기!$B$56+$A68*I$65*손익분기계산기!$B$57)-입력값!$B$96)/입력값!$B$98,0))*입력값!$B$100)*12),입력값!$A$55)*입력값!$B$55+MAX(0,MIN(MAX(0,($A68*I$65*손익분기계산기!$B$54-손익분기계산기!$B$58-IF(입력값!$B$99="비례",MAX(0,($A68*손익분기계산기!$B$56+$A68*I$65*손익분기계산기!$B$57)-입력값!$B$96)/입력값!$B$98,ROUNDUP(MAX(0,($A68*손익분기계산기!$B$56+$A68*I$65*손익분기계산기!$B$57)-입력값!$B$96)/입력값!$B$98,0))*입력값!$B$100)*12),입력값!$A$56)-입력값!$A$55)*입력값!$B$56+MAX(0,MIN(MAX(0,($A68*I$65*손익분기계산기!$B$54-손익분기계산기!$B$58-IF(입력값!$B$99="비례",MAX(0,($A68*손익분기계산기!$B$56+$A68*I$65*손익분기계산기!$B$57)-입력값!$B$96)/입력값!$B$98,ROUNDUP(MAX(0,($A68*손익분기계산기!$B$56+$A68*I$65*손익분기계산기!$B$57)-입력값!$B$96)/입력값!$B$98,0))*입력값!$B$100)*12),입력값!$A$57)-입력값!$A$56)*입력값!$B$57+MAX(0,MAX(0,($A68*I$65*손익분기계산기!$B$54-손익분기계산기!$B$58-IF(입력값!$B$99="비례",MAX(0,($A68*손익분기계산기!$B$56+$A68*I$65*손익분기계산기!$B$57)-입력값!$B$96)/입력값!$B$98,ROUNDUP(MAX(0,($A68*손익분기계산기!$B$56+$A68*I$65*손익분기계산기!$B$57)-입력값!$B$96)/입력값!$B$98,0))*입력값!$B$100)*12)-입력값!$A$57)*입력값!$B$58)*(1+입력값!$B$59)*(1-입력값!$B$60)/12)-MAX(0,(($A68*I$65*손익분기계산기!$B$54-손익분기계산기!$B$58-IF(입력값!$B$99="비례",MAX(0,($A68*손익분기계산기!$B$56+$A68*I$65*손익분기계산기!$B$57)-입력값!$B$96)/입력값!$B$98,ROUNDUP(MAX(0,($A68*손익분기계산기!$B$56+$A68*I$65*손익분기계산기!$B$57)-입력값!$B$96)/입력값!$B$98,0))*입력값!$B$100)-(MIN(MAX(0,($A68*I$65*손익분기계산기!$B$54-손익분기계산기!$B$58-IF(입력값!$B$99="비례",MAX(0,($A68*손익분기계산기!$B$56+$A68*I$65*손익분기계산기!$B$57)-입력값!$B$96)/입력값!$B$98,ROUNDUP(MAX(0,($A68*손익분기계산기!$B$56+$A68*I$65*손익분기계산기!$B$57)-입력값!$B$96)/입력값!$B$98,0))*입력값!$B$100)*12),입력값!$A$55)*입력값!$B$55+MAX(0,MIN(MAX(0,($A68*I$65*손익분기계산기!$B$54-손익분기계산기!$B$58-IF(입력값!$B$99="비례",MAX(0,($A68*손익분기계산기!$B$56+$A68*I$65*손익분기계산기!$B$57)-입력값!$B$96)/입력값!$B$98,ROUNDUP(MAX(0,($A68*손익분기계산기!$B$56+$A68*I$65*손익분기계산기!$B$57)-입력값!$B$96)/입력값!$B$98,0))*입력값!$B$100)*12),입력값!$A$56)-입력값!$A$55)*입력값!$B$56+MAX(0,MIN(MAX(0,($A68*I$65*손익분기계산기!$B$54-손익분기계산기!$B$58-IF(입력값!$B$99="비례",MAX(0,($A68*손익분기계산기!$B$56+$A68*I$65*손익분기계산기!$B$57)-입력값!$B$96)/입력값!$B$98,ROUNDUP(MAX(0,($A68*손익분기계산기!$B$56+$A68*I$65*손익분기계산기!$B$57)-입력값!$B$96)/입력값!$B$98,0))*입력값!$B$100)*12),입력값!$A$57)-입력값!$A$56)*입력값!$B$57+MAX(0,MAX(0,($A68*I$65*손익분기계산기!$B$54-손익분기계산기!$B$58-IF(입력값!$B$99="비례",MAX(0,($A68*손익분기계산기!$B$56+$A68*I$65*손익분기계산기!$B$57)-입력값!$B$96)/입력값!$B$98,ROUNDUP(MAX(0,($A68*손익분기계산기!$B$56+$A68*I$65*손익분기계산기!$B$57)-입력값!$B$96)/입력값!$B$98,0))*입력값!$B$100)*12)-입력값!$A$57)*입력값!$B$58)*(1+입력값!$B$59)*(1-입력값!$B$60)/12))*입력값!$B$64
A69: 20 | B69: =(($A69*B$65*손익분기계산기!$B$54-손익분기계산기!$B$58-IF(입력값!$B$99="비례",MAX(0,($A69*손익분기계산기!$B$56+$A69*B$65*손익분기계산기!$B$57)-입력값!$B$96)/입력값!$B$98,ROUNDUP(MAX(0,($A69*손익분기계산기!$B$56+$A69*B$65*손익분기계산기!$B$57)-입력값!$B$96)/입력값!$B$98,0))*입력값!$B$100)-(MIN(MAX(0,($A69*B$65*손익분기계산기!$B$54-손익분기계산기!$B$58-IF(입력값!$B$99="비례",MAX(0,($A69*손익분기계산기!$B$56+$A69*B$65*손익분기계산기!$B$57)-입력값!$B$96)/입력값!$B$98,ROUNDUP(MAX(0,($A69*손익분기계산기!$B$56+$A69*B$65*손익분기계산기!$B$57)-입력값!$B$96)/입력값!$B$98,0))*입력값!$B$100)*12),입력값!$A$55)*입력값!$B$55+MAX(0,MIN(MAX(0,($A69*B$65*손익분기계산기!$B$54-손익분기계산기!$B$58-IF(입력값!$B$99="비례",MAX(0,($A69*손익분기계산기!$B$56+$A69*B$65*손익분기계산기!$B$57)-입력값!$B$96)/입력값!$B$98,ROUNDUP(MAX(0,($A69*손익분기계산기!$B$56+$A69*B$65*손익분기계산기!$B$57)-입력값!$B$96)/입력값!$B$98,0))*입력값!$B$100)*12),입력값!$A$56)-입력값!$A$55)*입력값!$B$56+MAX(0,MIN(MAX(0,($A69*B$65*손익분기계산기!$B$54-손익분기계산기!$B$58-IF(입력값!$B$99="비례",MAX(0,($A69*손익분기계산기!$B$56+$A69*B$65*손익분기계산기!$B$57)-입력값!$B$96)/입력값!$B$98,ROUNDUP(MAX(0,($A69*손익분기계산기!$B$56+$A69*B$65*손익분기계산기!$B$57)-입력값!$B$96)/입력값!$B$98,0))*입력값!$B$100)*12),입력값!$A$57)-입력값!$A$56)*입력값!$B$57+MAX(0,MAX(0,($A69*B$65*손익분기계산기!$B$54-손익분기계산기!$B$58-IF(입력값!$B$99="비례",MAX(0,($A69*손익분기계산기!$B$56+$A69*B$65*손익분기계산기!$B$57)-입력값!$B$96)/입력값!$B$98,ROUNDUP(MAX(0,($A69*손익분기계산기!$B$56+$A69*B$65*손익분기계산기!$B$57)-입력값!$B$96)/입력값!$B$98,0))*입력값!$B$100)*12)-입력값!$A$57)*입력값!$B$58)*(1+입력값!$B$59)*(1-입력값!$B$60)/12)-MAX(0,(($A69*B$65*손익분기계산기!$B$54-손익분기계산기!$B$58-IF(입력값!$B$99="비례",MAX(0,($A69*손익분기계산기!$B$56+$A69*B$65*손익분기계산기!$B$57)-입력값!$B$96)/입력값!$B$98,ROUNDUP(MAX(0,($A69*손익분기계산기!$B$56+$A69*B$65*손익분기계산기!$B$57)-입력값!$B$96)/입력값!$B$98,0))*입력값!$B$100)-(MIN(MAX(0,($A69*B$65*손익분기계산기!$B$54-손익분기계산기!$B$58-IF(입력값!$B$99="비례",MAX(0,($A69*손익분기계산기!$B$56+$A69*B$65*손익분기계산기!$B$57)-입력값!$B$96)/입력값!$B$98,ROUNDUP(MAX(0,($A69*손익분기계산기!$B$56+$A69*B$65*손익분기계산기!$B$57)-입력값!$B$96)/입력값!$B$98,0))*입력값!$B$100)*12),입력값!$A$55)*입력값!$B$55+MAX(0,MIN(MAX(0,($A69*B$65*손익분기계산기!$B$54-손익분기계산기!$B$58-IF(입력값!$B$99="비례",MAX(0,($A69*손익분기계산기!$B$56+$A69*B$65*손익분기계산기!$B$57)-입력값!$B$96)/입력값!$B$98,ROUNDUP(MAX(0,($A69*손익분기계산기!$B$56+$A69*B$65*손익분기계산기!$B$57)-입력값!$B$96)/입력값!$B$98,0))*입력값!$B$100)*12),입력값!$A$56)-입력값!$A$55)*입력값!$B$56+MAX(0,MIN(MAX(0,($A69*B$65*손익분기계산기!$B$54-손익분기계산기!$B$58-IF(입력값!$B$99="비례",MAX(0,($A69*손익분기계산기!$B$56+$A69*B$65*손익분기계산기!$B$57)-입력값!$B$96)/입력값!$B$98,ROUNDUP(MAX(0,($A69*손익분기계산기!$B$56+$A69*B$65*손익분기계산기!$B$57)-입력값!$B$96)/입력값!$B$98,0))*입력값!$B$100)*12),입력값!$A$57)-입력값!$A$56)*입력값!$B$57+MAX(0,MAX(0,($A69*B$65*손익분기계산기!$B$54-손익분기계산기!$B$58-IF(입력값!$B$99="비례",MAX(0,($A69*손익분기계산기!$B$56+$A69*B$65*손익분기계산기!$B$57)-입력값!$B$96)/입력값!$B$98,ROUNDUP(MAX(0,($A69*손익분기계산기!$B$56+$A69*B$65*손익분기계산기!$B$57)-입력값!$B$96)/입력값!$B$98,0))*입력값!$B$100)*12)-입력값!$A$57)*입력값!$B$58)*(1+입력값!$B$59)*(1-입력값!$B$60)/12))*입력값!$B$64 | C69: =(($A69*C$65*손익분기계산기!$B$54-손익분기계산기!$B$58-IF(입력값!$B$99="비례",MAX(0,($A69*손익분기계산기!$B$56+$A69*C$65*손익분기계산기!$B$57)-입력값!$B$96)/입력값!$B$98,ROUNDUP(MAX(0,($A69*손익분기계산기!$B$56+$A69*C$65*손익분기계산기!$B$57)-입력값!$B$96)/입력값!$B$98,0))*입력값!$B$100)-(MIN(MAX(0,($A69*C$65*손익분기계산기!$B$54-손익분기계산기!$B$58-IF(입력값!$B$99="비례",MAX(0,($A69*손익분기계산기!$B$56+$A69*C$65*손익분기계산기!$B$57)-입력값!$B$96)/입력값!$B$98,ROUNDUP(MAX(0,($A69*손익분기계산기!$B$56+$A69*C$65*손익분기계산기!$B$57)-입력값!$B$96)/입력값!$B$98,0))*입력값!$B$100)*12),입력값!$A$55)*입력값!$B$55+MAX(0,MIN(MAX(0,($A69*C$65*손익분기계산기!$B$54-손익분기계산기!$B$58-IF(입력값!$B$99="비례",MAX(0,($A69*손익분기계산기!$B$56+$A69*C$65*손익분기계산기!$B$57)-입력값!$B$96)/입력값!$B$98,ROUNDUP(MAX(0,($A69*손익분기계산기!$B$56+$A69*C$65*손익분기계산기!$B$57)-입력값!$B$96)/입력값!$B$98,0))*입력값!$B$100)*12),입력값!$A$56)-입력값!$A$55)*입력값!$B$56+MAX(0,MIN(MAX(0,($A69*C$65*손익분기계산기!$B$54-손익분기계산기!$B$58-IF(입력값!$B$99="비례",MAX(0,($A69*손익분기계산기!$B$56+$A69*C$65*손익분기계산기!$B$57)-입력값!$B$96)/입력값!$B$98,ROUNDUP(MAX(0,($A69*손익분기계산기!$B$56+$A69*C$65*손익분기계산기!$B$57)-입력값!$B$96)/입력값!$B$98,0))*입력값!$B$100)*12),입력값!$A$57)-입력값!$A$56)*입력값!$B$57+MAX(0,MAX(0,($A69*C$65*손익분기계산기!$B$54-손익분기계산기!$B$58-IF(입력값!$B$99="비례",MAX(0,($A69*손익분기계산기!$B$56+$A69*C$65*손익분기계산기!$B$57)-입력값!$B$96)/입력값!$B$98,ROUNDUP(MAX(0,($A69*손익분기계산기!$B$56+$A69*C$65*손익분기계산기!$B$57)-입력값!$B$96)/입력값!$B$98,0))*입력값!$B$100)*12)-입력값!$A$57)*입력값!$B$58)*(1+입력값!$B$59)*(1-입력값!$B$60)/12)-MAX(0,(($A69*C$65*손익분기계산기!$B$54-손익분기계산기!$B$58-IF(입력값!$B$99="비례",MAX(0,($A69*손익분기계산기!$B$56+$A69*C$65*손익분기계산기!$B$57)-입력값!$B$96)/입력값!$B$98,ROUNDUP(MAX(0,($A69*손익분기계산기!$B$56+$A69*C$65*손익분기계산기!$B$57)-입력값!$B$96)/입력값!$B$98,0))*입력값!$B$100)-(MIN(MAX(0,($A69*C$65*손익분기계산기!$B$54-손익분기계산기!$B$58-IF(입력값!$B$99="비례",MAX(0,($A69*손익분기계산기!$B$56+$A69*C$65*손익분기계산기!$B$57)-입력값!$B$96)/입력값!$B$98,ROUNDUP(MAX(0,($A69*손익분기계산기!$B$56+$A69*C$65*손익분기계산기!$B$57)-입력값!$B$96)/입력값!$B$98,0))*입력값!$B$100)*12),입력값!$A$55)*입력값!$B$55+MAX(0,MIN(MAX(0,($A69*C$65*손익분기계산기!$B$54-손익분기계산기!$B$58-IF(입력값!$B$99="비례",MAX(0,($A69*손익분기계산기!$B$56+$A69*C$65*손익분기계산기!$B$57)-입력값!$B$96)/입력값!$B$98,ROUNDUP(MAX(0,($A69*손익분기계산기!$B$56+$A69*C$65*손익분기계산기!$B$57)-입력값!$B$96)/입력값!$B$98,0))*입력값!$B$100)*12),입력값!$A$56)-입력값!$A$55)*입력값!$B$56+MAX(0,MIN(MAX(0,($A69*C$65*손익분기계산기!$B$54-손익분기계산기!$B$58-IF(입력값!$B$99="비례",MAX(0,($A69*손익분기계산기!$B$56+$A69*C$65*손익분기계산기!$B$57)-입력값!$B$96)/입력값!$B$98,ROUNDUP(MAX(0,($A69*손익분기계산기!$B$56+$A69*C$65*손익분기계산기!$B$57)-입력값!$B$96)/입력값!$B$98,0))*입력값!$B$100)*12),입력값!$A$57)-입력값!$A$56)*입력값!$B$57+MAX(0,MAX(0,($A69*C$65*손익분기계산기!$B$54-손익분기계산기!$B$58-IF(입력값!$B$99="비례",MAX(0,($A69*손익분기계산기!$B$56+$A69*C$65*손익분기계산기!$B$57)-입력값!$B$96)/입력값!$B$98,ROUNDUP(MAX(0,($A69*손익분기계산기!$B$56+$A69*C$65*손익분기계산기!$B$57)-입력값!$B$96)/입력값!$B$98,0))*입력값!$B$100)*12)-입력값!$A$57)*입력값!$B$58)*(1+입력값!$B$59)*(1-입력값!$B$60)/12))*입력값!$B$64 | D69: =(($A69*D$65*손익분기계산기!$B$54-손익분기계산기!$B$58-IF(입력값!$B$99="비례",MAX(0,($A69*손익분기계산기!$B$56+$A69*D$65*손익분기계산기!$B$57)-입력값!$B$96)/입력값!$B$98,ROUNDUP(MAX(0,($A69*손익분기계산기!$B$56+$A69*D$65*손익분기계산기!$B$57)-입력값!$B$96)/입력값!$B$98,0))*입력값!$B$100)-(MIN(MAX(0,($A69*D$65*손익분기계산기!$B$54-손익분기계산기!$B$58-IF(입력값!$B$99="비례",MAX(0,($A69*손익분기계산기!$B$56+$A69*D$65*손익분기계산기!$B$57)-입력값!$B$96)/입력값!$B$98,ROUNDUP(MAX(0,($A69*손익분기계산기!$B$56+$A69*D$65*손익분기계산기!$B$57)-입력값!$B$96)/입력값!$B$98,0))*입력값!$B$100)*12),입력값!$A$55)*입력값!$B$55+MAX(0,MIN(MAX(0,($A69*D$65*손익분기계산기!$B$54-손익분기계산기!$B$58-IF(입력값!$B$99="비례",MAX(0,($A69*손익분기계산기!$B$56+$A69*D$65*손익분기계산기!$B$57)-입력값!$B$96)/입력값!$B$98,ROUNDUP(MAX(0,($A69*손익분기계산기!$B$56+$A69*D$65*손익분기계산기!$B$57)-입력값!$B$96)/입력값!$B$98,0))*입력값!$B$100)*12),입력값!$A$56)-입력값!$A$55)*입력값!$B$56+MAX(0,MIN(MAX(0,($A69*D$65*손익분기계산기!$B$54-손익분기계산기!$B$58-IF(입력값!$B$99="비례",MAX(0,($A69*손익분기계산기!$B$56+$A69*D$65*손익분기계산기!$B$57)-입력값!$B$96)/입력값!$B$98,ROUNDUP(MAX(0,($A69*손익분기계산기!$B$56+$A69*D$65*손익분기계산기!$B$57)-입력값!$B$96)/입력값!$B$98,0))*입력값!$B$100)*12),입력값!$A$57)-입력값!$A$56)*입력값!$B$57+MAX(0,MAX(0,($A69*D$65*손익분기계산기!$B$54-손익분기계산기!$B$58-IF(입력값!$B$99="비례",MAX(0,($A69*손익분기계산기!$B$56+$A69*D$65*손익분기계산기!$B$57)-입력값!$B$96)/입력값!$B$98,ROUNDUP(MAX(0,($A69*손익분기계산기!$B$56+$A69*D$65*손익분기계산기!$B$57)-입력값!$B$96)/입력값!$B$98,0))*입력값!$B$100)*12)-입력값!$A$57)*입력값!$B$58)*(1+입력값!$B$59)*(1-입력값!$B$60)/12)-MAX(0,(($A69*D$65*손익분기계산기!$B$54-손익분기계산기!$B$58-IF(입력값!$B$99="비례",MAX(0,($A69*손익분기계산기!$B$56+$A69*D$65*손익분기계산기!$B$57)-입력값!$B$96)/입력값!$B$98,ROUNDUP(MAX(0,($A69*손익분기계산기!$B$56+$A69*D$65*손익분기계산기!$B$57)-입력값!$B$96)/입력값!$B$98,0))*입력값!$B$100)-(MIN(MAX(0,($A69*D$65*손익분기계산기!$B$54-손익분기계산기!$B$58-IF(입력값!$B$99="비례",MAX(0,($A69*손익분기계산기!$B$56+$A69*D$65*손익분기계산기!$B$57)-입력값!$B$96)/입력값!$B$98,ROUNDUP(MAX(0,($A69*손익분기계산기!$B$56+$A69*D$65*손익분기계산기!$B$57)-입력값!$B$96)/입력값!$B$98,0))*입력값!$B$100)*12),입력값!$A$55)*입력값!$B$55+MAX(0,MIN(MAX(0,($A69*D$65*손익분기계산기!$B$54-손익분기계산기!$B$58-IF(입력값!$B$99="비례",MAX(0,($A69*손익분기계산기!$B$56+$A69*D$65*손익분기계산기!$B$57)-입력값!$B$96)/입력값!$B$98,ROUNDUP(MAX(0,($A69*손익분기계산기!$B$56+$A69*D$65*손익분기계산기!$B$57)-입력값!$B$96)/입력값!$B$98,0))*입력값!$B$100)*12),입력값!$A$56)-입력값!$A$55)*입력값!$B$56+MAX(0,MIN(MAX(0,($A69*D$65*손익분기계산기!$B$54-손익분기계산기!$B$58-IF(입력값!$B$99="비례",MAX(0,($A69*손익분기계산기!$B$56+$A69*D$65*손익분기계산기!$B$57)-입력값!$B$96)/입력값!$B$98,ROUNDUP(MAX(0,($A69*손익분기계산기!$B$56+$A69*D$65*손익분기계산기!$B$57)-입력값!$B$96)/입력값!$B$98,0))*입력값!$B$100)*12),입력값!$A$57)-입력값!$A$56)*입력값!$B$57+MAX(0,MAX(0,($A69*D$65*손익분기계산기!$B$54-손익분기계산기!$B$58-IF(입력값!$B$99="비례",MAX(0,($A69*손익분기계산기!$B$56+$A69*D$65*손익분기계산기!$B$57)-입력값!$B$96)/입력값!$B$98,ROUNDUP(MAX(0,($A69*손익분기계산기!$B$56+$A69*D$65*손익분기계산기!$B$57)-입력값!$B$96)/입력값!$B$98,0))*입력값!$B$100)*12)-입력값!$A$57)*입력값!$B$58)*(1+입력값!$B$59)*(1-입력값!$B$60)/12))*입력값!$B$64 | E69: =(($A69*E$65*손익분기계산기!$B$54-손익분기계산기!$B$58-IF(입력값!$B$99="비례",MAX(0,($A69*손익분기계산기!$B$56+$A69*E$65*손익분기계산기!$B$57)-입력값!$B$96)/입력값!$B$98,ROUNDUP(MAX(0,($A69*손익분기계산기!$B$56+$A69*E$65*손익분기계산기!$B$57)-입력값!$B$96)/입력값!$B$98,0))*입력값!$B$100)-(MIN(MAX(0,($A69*E$65*손익분기계산기!$B$54-손익분기계산기!$B$58-IF(입력값!$B$99="비례",MAX(0,($A69*손익분기계산기!$B$56+$A69*E$65*손익분기계산기!$B$57)-입력값!$B$96)/입력값!$B$98,ROUNDUP(MAX(0,($A69*손익분기계산기!$B$56+$A69*E$65*손익분기계산기!$B$57)-입력값!$B$96)/입력값!$B$98,0))*입력값!$B$100)*12),입력값!$A$55)*입력값!$B$55+MAX(0,MIN(MAX(0,($A69*E$65*손익분기계산기!$B$54-손익분기계산기!$B$58-IF(입력값!$B$99="비례",MAX(0,($A69*손익분기계산기!$B$56+$A69*E$65*손익분기계산기!$B$57)-입력값!$B$96)/입력값!$B$98,ROUNDUP(MAX(0,($A69*손익분기계산기!$B$56+$A69*E$65*손익분기계산기!$B$57)-입력값!$B$96)/입력값!$B$98,0))*입력값!$B$100)*12),입력값!$A$56)-입력값!$A$55)*입력값!$B$56+MAX(0,MIN(MAX(0,($A69*E$65*손익분기계산기!$B$54-손익분기계산기!$B$58-IF(입력값!$B$99="비례",MAX(0,($A69*손익분기계산기!$B$56+$A69*E$65*손익분기계산기!$B$57)-입력값!$B$96)/입력값!$B$98,ROUNDUP(MAX(0,($A69*손익분기계산기!$B$56+$A69*E$65*손익분기계산기!$B$57)-입력값!$B$96)/입력값!$B$98,0))*입력값!$B$100)*12),입력값!$A$57)-입력값!$A$56)*입력값!$B$57+MAX(0,MAX(0,($A69*E$65*손익분기계산기!$B$54-손익분기계산기!$B$58-IF(입력값!$B$99="비례",MAX(0,($A69*손익분기계산기!$B$56+$A69*E$65*손익분기계산기!$B$57)-입력값!$B$96)/입력값!$B$98,ROUNDUP(MAX(0,($A69*손익분기계산기!$B$56+$A69*E$65*손익분기계산기!$B$57)-입력값!$B$96)/입력값!$B$98,0))*입력값!$B$100)*12)-입력값!$A$57)*입력값!$B$58)*(1+입력값!$B$59)*(1-입력값!$B$60)/12)-MAX(0,(($A69*E$65*손익분기계산기!$B$54-손익분기계산기!$B$58-IF(입력값!$B$99="비례",MAX(0,($A69*손익분기계산기!$B$56+$A69*E$65*손익분기계산기!$B$57)-입력값!$B$96)/입력값!$B$98,ROUNDUP(MAX(0,($A69*손익분기계산기!$B$56+$A69*E$65*손익분기계산기!$B$57)-입력값!$B$96)/입력값!$B$98,0))*입력값!$B$100)-(MIN(MAX(0,($A69*E$65*손익분기계산기!$B$54-손익분기계산기!$B$58-IF(입력값!$B$99="비례",MAX(0,($A69*손익분기계산기!$B$56+$A69*E$65*손익분기계산기!$B$57)-입력값!$B$96)/입력값!$B$98,ROUNDUP(MAX(0,($A69*손익분기계산기!$B$56+$A69*E$65*손익분기계산기!$B$57)-입력값!$B$96)/입력값!$B$98,0))*입력값!$B$100)*12),입력값!$A$55)*입력값!$B$55+MAX(0,MIN(MAX(0,($A69*E$65*손익분기계산기!$B$54-손익분기계산기!$B$58-IF(입력값!$B$99="비례",MAX(0,($A69*손익분기계산기!$B$56+$A69*E$65*손익분기계산기!$B$57)-입력값!$B$96)/입력값!$B$98,ROUNDUP(MAX(0,($A69*손익분기계산기!$B$56+$A69*E$65*손익분기계산기!$B$57)-입력값!$B$96)/입력값!$B$98,0))*입력값!$B$100)*12),입력값!$A$56)-입력값!$A$55)*입력값!$B$56+MAX(0,MIN(MAX(0,($A69*E$65*손익분기계산기!$B$54-손익분기계산기!$B$58-IF(입력값!$B$99="비례",MAX(0,($A69*손익분기계산기!$B$56+$A69*E$65*손익분기계산기!$B$57)-입력값!$B$96)/입력값!$B$98,ROUNDUP(MAX(0,($A69*손익분기계산기!$B$56+$A69*E$65*손익분기계산기!$B$57)-입력값!$B$96)/입력값!$B$98,0))*입력값!$B$100)*12),입력값!$A$57)-입력값!$A$56)*입력값!$B$57+MAX(0,MAX(0,($A69*E$65*손익분기계산기!$B$54-손익분기계산기!$B$58-IF(입력값!$B$99="비례",MAX(0,($A69*손익분기계산기!$B$56+$A69*E$65*손익분기계산기!$B$57)-입력값!$B$96)/입력값!$B$98,ROUNDUP(MAX(0,($A69*손익분기계산기!$B$56+$A69*E$65*손익분기계산기!$B$57)-입력값!$B$96)/입력값!$B$98,0))*입력값!$B$100)*12)-입력값!$A$57)*입력값!$B$58)*(1+입력값!$B$59)*(1-입력값!$B$60)/12))*입력값!$B$64 | F69: =(($A69*F$65*손익분기계산기!$B$54-손익분기계산기!$B$58-IF(입력값!$B$99="비례",MAX(0,($A69*손익분기계산기!$B$56+$A69*F$65*손익분기계산기!$B$57)-입력값!$B$96)/입력값!$B$98,ROUNDUP(MAX(0,($A69*손익분기계산기!$B$56+$A69*F$65*손익분기계산기!$B$57)-입력값!$B$96)/입력값!$B$98,0))*입력값!$B$100)-(MIN(MAX(0,($A69*F$65*손익분기계산기!$B$54-손익분기계산기!$B$58-IF(입력값!$B$99="비례",MAX(0,($A69*손익분기계산기!$B$56+$A69*F$65*손익분기계산기!$B$57)-입력값!$B$96)/입력값!$B$98,ROUNDUP(MAX(0,($A69*손익분기계산기!$B$56+$A69*F$65*손익분기계산기!$B$57)-입력값!$B$96)/입력값!$B$98,0))*입력값!$B$100)*12),입력값!$A$55)*입력값!$B$55+MAX(0,MIN(MAX(0,($A69*F$65*손익분기계산기!$B$54-손익분기계산기!$B$58-IF(입력값!$B$99="비례",MAX(0,($A69*손익분기계산기!$B$56+$A69*F$65*손익분기계산기!$B$57)-입력값!$B$96)/입력값!$B$98,ROUNDUP(MAX(0,($A69*손익분기계산기!$B$56+$A69*F$65*손익분기계산기!$B$57)-입력값!$B$96)/입력값!$B$98,0))*입력값!$B$100)*12),입력값!$A$56)-입력값!$A$55)*입력값!$B$56+MAX(0,MIN(MAX(0,($A69*F$65*손익분기계산기!$B$54-손익분기계산기!$B$58-IF(입력값!$B$99="비례",MAX(0,($A69*손익분기계산기!$B$56+$A69*F$65*손익분기계산기!$B$57)-입력값!$B$96)/입력값!$B$98,ROUNDUP(MAX(0,($A69*손익분기계산기!$B$56+$A69*F$65*손익분기계산기!$B$57)-입력값!$B$96)/입력값!$B$98,0))*입력값!$B$100)*12),입력값!$A$57)-입력값!$A$56)*입력값!$B$57+MAX(0,MAX(0,($A69*F$65*손익분기계산기!$B$54-손익분기계산기!$B$58-IF(입력값!$B$99="비례",MAX(0,($A69*손익분기계산기!$B$56+$A69*F$65*손익분기계산기!$B$57)-입력값!$B$96)/입력값!$B$98,ROUNDUP(MAX(0,($A69*손익분기계산기!$B$56+$A69*F$65*손익분기계산기!$B$57)-입력값!$B$96)/입력값!$B$98,0))*입력값!$B$100)*12)-입력값!$A$57)*입력값!$B$58)*(1+입력값!$B$59)*(1-입력값!$B$60)/12)-MAX(0,(($A69*F$65*손익분기계산기!$B$54-손익분기계산기!$B$58-IF(입력값!$B$99="비례",MAX(0,($A69*손익분기계산기!$B$56+$A69*F$65*손익분기계산기!$B$57)-입력값!$B$96)/입력값!$B$98,ROUNDUP(MAX(0,($A69*손익분기계산기!$B$56+$A69*F$65*손익분기계산기!$B$57)-입력값!$B$96)/입력값!$B$98,0))*입력값!$B$100)-(MIN(MAX(0,($A69*F$65*손익분기계산기!$B$54-손익분기계산기!$B$58-IF(입력값!$B$99="비례",MAX(0,($A69*손익분기계산기!$B$56+$A69*F$65*손익분기계산기!$B$57)-입력값!$B$96)/입력값!$B$98,ROUNDUP(MAX(0,($A69*손익분기계산기!$B$56+$A69*F$65*손익분기계산기!$B$57)-입력값!$B$96)/입력값!$B$98,0))*입력값!$B$100)*12),입력값!$A$55)*입력값!$B$55+MAX(0,MIN(MAX(0,($A69*F$65*손익분기계산기!$B$54-손익분기계산기!$B$58-IF(입력값!$B$99="비례",MAX(0,($A69*손익분기계산기!$B$56+$A69*F$65*손익분기계산기!$B$57)-입력값!$B$96)/입력값!$B$98,ROUNDUP(MAX(0,($A69*손익분기계산기!$B$56+$A69*F$65*손익분기계산기!$B$57)-입력값!$B$96)/입력값!$B$98,0))*입력값!$B$100)*12),입력값!$A$56)-입력값!$A$55)*입력값!$B$56+MAX(0,MIN(MAX(0,($A69*F$65*손익분기계산기!$B$54-손익분기계산기!$B$58-IF(입력값!$B$99="비례",MAX(0,($A69*손익분기계산기!$B$56+$A69*F$65*손익분기계산기!$B$57)-입력값!$B$96)/입력값!$B$98,ROUNDUP(MAX(0,($A69*손익분기계산기!$B$56+$A69*F$65*손익분기계산기!$B$57)-입력값!$B$96)/입력값!$B$98,0))*입력값!$B$100)*12),입력값!$A$57)-입력값!$A$56)*입력값!$B$57+MAX(0,MAX(0,($A69*F$65*손익분기계산기!$B$54-손익분기계산기!$B$58-IF(입력값!$B$99="비례",MAX(0,($A69*손익분기계산기!$B$56+$A69*F$65*손익분기계산기!$B$57)-입력값!$B$96)/입력값!$B$98,ROUNDUP(MAX(0,($A69*손익분기계산기!$B$56+$A69*F$65*손익분기계산기!$B$57)-입력값!$B$96)/입력값!$B$98,0))*입력값!$B$100)*12)-입력값!$A$57)*입력값!$B$58)*(1+입력값!$B$59)*(1-입력값!$B$60)/12))*입력값!$B$64 | G69: =(($A69*G$65*손익분기계산기!$B$54-손익분기계산기!$B$58-IF(입력값!$B$99="비례",MAX(0,($A69*손익분기계산기!$B$56+$A69*G$65*손익분기계산기!$B$57)-입력값!$B$96)/입력값!$B$98,ROUNDUP(MAX(0,($A69*손익분기계산기!$B$56+$A69*G$65*손익분기계산기!$B$57)-입력값!$B$96)/입력값!$B$98,0))*입력값!$B$100)-(MIN(MAX(0,($A69*G$65*손익분기계산기!$B$54-손익분기계산기!$B$58-IF(입력값!$B$99="비례",MAX(0,($A69*손익분기계산기!$B$56+$A69*G$65*손익분기계산기!$B$57)-입력값!$B$96)/입력값!$B$98,ROUNDUP(MAX(0,($A69*손익분기계산기!$B$56+$A69*G$65*손익분기계산기!$B$57)-입력값!$B$96)/입력값!$B$98,0))*입력값!$B$100)*12),입력값!$A$55)*입력값!$B$55+MAX(0,MIN(MAX(0,($A69*G$65*손익분기계산기!$B$54-손익분기계산기!$B$58-IF(입력값!$B$99="비례",MAX(0,($A69*손익분기계산기!$B$56+$A69*G$65*손익분기계산기!$B$57)-입력값!$B$96)/입력값!$B$98,ROUNDUP(MAX(0,($A69*손익분기계산기!$B$56+$A69*G$65*손익분기계산기!$B$57)-입력값!$B$96)/입력값!$B$98,0))*입력값!$B$100)*12),입력값!$A$56)-입력값!$A$55)*입력값!$B$56+MAX(0,MIN(MAX(0,($A69*G$65*손익분기계산기!$B$54-손익분기계산기!$B$58-IF(입력값!$B$99="비례",MAX(0,($A69*손익분기계산기!$B$56+$A69*G$65*손익분기계산기!$B$57)-입력값!$B$96)/입력값!$B$98,ROUNDUP(MAX(0,($A69*손익분기계산기!$B$56+$A69*G$65*손익분기계산기!$B$57)-입력값!$B$96)/입력값!$B$98,0))*입력값!$B$100)*12),입력값!$A$57)-입력값!$A$56)*입력값!$B$57+MAX(0,MAX(0,($A69*G$65*손익분기계산기!$B$54-손익분기계산기!$B$58-IF(입력값!$B$99="비례",MAX(0,($A69*손익분기계산기!$B$56+$A69*G$65*손익분기계산기!$B$57)-입력값!$B$96)/입력값!$B$98,ROUNDUP(MAX(0,($A69*손익분기계산기!$B$56+$A69*G$65*손익분기계산기!$B$57)-입력값!$B$96)/입력값!$B$98,0))*입력값!$B$100)*12)-입력값!$A$57)*입력값!$B$58)*(1+입력값!$B$59)*(1-입력값!$B$60)/12)-MAX(0,(($A69*G$65*손익분기계산기!$B$54-손익분기계산기!$B$58-IF(입력값!$B$99="비례",MAX(0,($A69*손익분기계산기!$B$56+$A69*G$65*손익분기계산기!$B$57)-입력값!$B$96)/입력값!$B$98,ROUNDUP(MAX(0,($A69*손익분기계산기!$B$56+$A69*G$65*손익분기계산기!$B$57)-입력값!$B$96)/입력값!$B$98,0))*입력값!$B$100)-(MIN(MAX(0,($A69*G$65*손익분기계산기!$B$54-손익분기계산기!$B$58-IF(입력값!$B$99="비례",MAX(0,($A69*손익분기계산기!$B$56+$A69*G$65*손익분기계산기!$B$57)-입력값!$B$96)/입력값!$B$98,ROUNDUP(MAX(0,($A69*손익분기계산기!$B$56+$A69*G$65*손익분기계산기!$B$57)-입력값!$B$96)/입력값!$B$98,0))*입력값!$B$100)*12),입력값!$A$55)*입력값!$B$55+MAX(0,MIN(MAX(0,($A69*G$65*손익분기계산기!$B$54-손익분기계산기!$B$58-IF(입력값!$B$99="비례",MAX(0,($A69*손익분기계산기!$B$56+$A69*G$65*손익분기계산기!$B$57)-입력값!$B$96)/입력값!$B$98,ROUNDUP(MAX(0,($A69*손익분기계산기!$B$56+$A69*G$65*손익분기계산기!$B$57)-입력값!$B$96)/입력값!$B$98,0))*입력값!$B$100)*12),입력값!$A$56)-입력값!$A$55)*입력값!$B$56+MAX(0,MIN(MAX(0,($A69*G$65*손익분기계산기!$B$54-손익분기계산기!$B$58-IF(입력값!$B$99="비례",MAX(0,($A69*손익분기계산기!$B$56+$A69*G$65*손익분기계산기!$B$57)-입력값!$B$96)/입력값!$B$98,ROUNDUP(MAX(0,($A69*손익분기계산기!$B$56+$A69*G$65*손익분기계산기!$B$57)-입력값!$B$96)/입력값!$B$98,0))*입력값!$B$100)*12),입력값!$A$57)-입력값!$A$56)*입력값!$B$57+MAX(0,MAX(0,($A69*G$65*손익분기계산기!$B$54-손익분기계산기!$B$58-IF(입력값!$B$99="비례",MAX(0,($A69*손익분기계산기!$B$56+$A69*G$65*손익분기계산기!$B$57)-입력값!$B$96)/입력값!$B$98,ROUNDUP(MAX(0,($A69*손익분기계산기!$B$56+$A69*G$65*손익분기계산기!$B$57)-입력값!$B$96)/입력값!$B$98,0))*입력값!$B$100)*12)-입력값!$A$57)*입력값!$B$58)*(1+입력값!$B$59)*(1-입력값!$B$60)/12))*입력값!$B$64 | H69: =(($A69*H$65*손익분기계산기!$B$54-손익분기계산기!$B$58-IF(입력값!$B$99="비례",MAX(0,($A69*손익분기계산기!$B$56+$A69*H$65*손익분기계산기!$B$57)-입력값!$B$96)/입력값!$B$98,ROUNDUP(MAX(0,($A69*손익분기계산기!$B$56+$A69*H$65*손익분기계산기!$B$57)-입력값!$B$96)/입력값!$B$98,0))*입력값!$B$100)-(MIN(MAX(0,($A69*H$65*손익분기계산기!$B$54-손익분기계산기!$B$58-IF(입력값!$B$99="비례",MAX(0,($A69*손익분기계산기!$B$56+$A69*H$65*손익분기계산기!$B$57)-입력값!$B$96)/입력값!$B$98,ROUNDUP(MAX(0,($A69*손익분기계산기!$B$56+$A69*H$65*손익분기계산기!$B$57)-입력값!$B$96)/입력값!$B$98,0))*입력값!$B$100)*12),입력값!$A$55)*입력값!$B$55+MAX(0,MIN(MAX(0,($A69*H$65*손익분기계산기!$B$54-손익분기계산기!$B$58-IF(입력값!$B$99="비례",MAX(0,($A69*손익분기계산기!$B$56+$A69*H$65*손익분기계산기!$B$57)-입력값!$B$96)/입력값!$B$98,ROUNDUP(MAX(0,($A69*손익분기계산기!$B$56+$A69*H$65*손익분기계산기!$B$57)-입력값!$B$96)/입력값!$B$98,0))*입력값!$B$100)*12),입력값!$A$56)-입력값!$A$55)*입력값!$B$56+MAX(0,MIN(MAX(0,($A69*H$65*손익분기계산기!$B$54-손익분기계산기!$B$58-IF(입력값!$B$99="비례",MAX(0,($A69*손익분기계산기!$B$56+$A69*H$65*손익분기계산기!$B$57)-입력값!$B$96)/입력값!$B$98,ROUNDUP(MAX(0,($A69*손익분기계산기!$B$56+$A69*H$65*손익분기계산기!$B$57)-입력값!$B$96)/입력값!$B$98,0))*입력값!$B$100)*12),입력값!$A$57)-입력값!$A$56)*입력값!$B$57+MAX(0,MAX(0,($A69*H$65*손익분기계산기!$B$54-손익분기계산기!$B$58-IF(입력값!$B$99="비례",MAX(0,($A69*손익분기계산기!$B$56+$A69*H$65*손익분기계산기!$B$57)-입력값!$B$96)/입력값!$B$98,ROUNDUP(MAX(0,($A69*손익분기계산기!$B$56+$A69*H$65*손익분기계산기!$B$57)-입력값!$B$96)/입력값!$B$98,0))*입력값!$B$100)*12)-입력값!$A$57)*입력값!$B$58)*(1+입력값!$B$59)*(1-입력값!$B$60)/12)-MAX(0,(($A69*H$65*손익분기계산기!$B$54-손익분기계산기!$B$58-IF(입력값!$B$99="비례",MAX(0,($A69*손익분기계산기!$B$56+$A69*H$65*손익분기계산기!$B$57)-입력값!$B$96)/입력값!$B$98,ROUNDUP(MAX(0,($A69*손익분기계산기!$B$56+$A69*H$65*손익분기계산기!$B$57)-입력값!$B$96)/입력값!$B$98,0))*입력값!$B$100)-(MIN(MAX(0,($A69*H$65*손익분기계산기!$B$54-손익분기계산기!$B$58-IF(입력값!$B$99="비례",MAX(0,($A69*손익분기계산기!$B$56+$A69*H$65*손익분기계산기!$B$57)-입력값!$B$96)/입력값!$B$98,ROUNDUP(MAX(0,($A69*손익분기계산기!$B$56+$A69*H$65*손익분기계산기!$B$57)-입력값!$B$96)/입력값!$B$98,0))*입력값!$B$100)*12),입력값!$A$55)*입력값!$B$55+MAX(0,MIN(MAX(0,($A69*H$65*손익분기계산기!$B$54-손익분기계산기!$B$58-IF(입력값!$B$99="비례",MAX(0,($A69*손익분기계산기!$B$56+$A69*H$65*손익분기계산기!$B$57)-입력값!$B$96)/입력값!$B$98,ROUNDUP(MAX(0,($A69*손익분기계산기!$B$56+$A69*H$65*손익분기계산기!$B$57)-입력값!$B$96)/입력값!$B$98,0))*입력값!$B$100)*12),입력값!$A$56)-입력값!$A$55)*입력값!$B$56+MAX(0,MIN(MAX(0,($A69*H$65*손익분기계산기!$B$54-손익분기계산기!$B$58-IF(입력값!$B$99="비례",MAX(0,($A69*손익분기계산기!$B$56+$A69*H$65*손익분기계산기!$B$57)-입력값!$B$96)/입력값!$B$98,ROUNDUP(MAX(0,($A69*손익분기계산기!$B$56+$A69*H$65*손익분기계산기!$B$57)-입력값!$B$96)/입력값!$B$98,0))*입력값!$B$100)*12),입력값!$A$57)-입력값!$A$56)*입력값!$B$57+MAX(0,MAX(0,($A69*H$65*손익분기계산기!$B$54-손익분기계산기!$B$58-IF(입력값!$B$99="비례",MAX(0,($A69*손익분기계산기!$B$56+$A69*H$65*손익분기계산기!$B$57)-입력값!$B$96)/입력값!$B$98,ROUNDUP(MAX(0,($A69*손익분기계산기!$B$56+$A69*H$65*손익분기계산기!$B$57)-입력값!$B$96)/입력값!$B$98,0))*입력값!$B$100)*12)-입력값!$A$57)*입력값!$B$58)*(1+입력값!$B$59)*(1-입력값!$B$60)/12))*입력값!$B$64 | I69: =(($A69*I$65*손익분기계산기!$B$54-손익분기계산기!$B$58-IF(입력값!$B$99="비례",MAX(0,($A69*손익분기계산기!$B$56+$A69*I$65*손익분기계산기!$B$57)-입력값!$B$96)/입력값!$B$98,ROUNDUP(MAX(0,($A69*손익분기계산기!$B$56+$A69*I$65*손익분기계산기!$B$57)-입력값!$B$96)/입력값!$B$98,0))*입력값!$B$100)-(MIN(MAX(0,($A69*I$65*손익분기계산기!$B$54-손익분기계산기!$B$58-IF(입력값!$B$99="비례",MAX(0,($A69*손익분기계산기!$B$56+$A69*I$65*손익분기계산기!$B$57)-입력값!$B$96)/입력값!$B$98,ROUNDUP(MAX(0,($A69*손익분기계산기!$B$56+$A69*I$65*손익분기계산기!$B$57)-입력값!$B$96)/입력값!$B$98,0))*입력값!$B$100)*12),입력값!$A$55)*입력값!$B$55+MAX(0,MIN(MAX(0,($A69*I$65*손익분기계산기!$B$54-손익분기계산기!$B$58-IF(입력값!$B$99="비례",MAX(0,($A69*손익분기계산기!$B$56+$A69*I$65*손익분기계산기!$B$57)-입력값!$B$96)/입력값!$B$98,ROUNDUP(MAX(0,($A69*손익분기계산기!$B$56+$A69*I$65*손익분기계산기!$B$57)-입력값!$B$96)/입력값!$B$98,0))*입력값!$B$100)*12),입력값!$A$56)-입력값!$A$55)*입력값!$B$56+MAX(0,MIN(MAX(0,($A69*I$65*손익분기계산기!$B$54-손익분기계산기!$B$58-IF(입력값!$B$99="비례",MAX(0,($A69*손익분기계산기!$B$56+$A69*I$65*손익분기계산기!$B$57)-입력값!$B$96)/입력값!$B$98,ROUNDUP(MAX(0,($A69*손익분기계산기!$B$56+$A69*I$65*손익분기계산기!$B$57)-입력값!$B$96)/입력값!$B$98,0))*입력값!$B$100)*12),입력값!$A$57)-입력값!$A$56)*입력값!$B$57+MAX(0,MAX(0,($A69*I$65*손익분기계산기!$B$54-손익분기계산기!$B$58-IF(입력값!$B$99="비례",MAX(0,($A69*손익분기계산기!$B$56+$A69*I$65*손익분기계산기!$B$57)-입력값!$B$96)/입력값!$B$98,ROUNDUP(MAX(0,($A69*손익분기계산기!$B$56+$A69*I$65*손익분기계산기!$B$57)-입력값!$B$96)/입력값!$B$98,0))*입력값!$B$100)*12)-입력값!$A$57)*입력값!$B$58)*(1+입력값!$B$59)*(1-입력값!$B$60)/12)-MAX(0,(($A69*I$65*손익분기계산기!$B$54-손익분기계산기!$B$58-IF(입력값!$B$99="비례",MAX(0,($A69*손익분기계산기!$B$56+$A69*I$65*손익분기계산기!$B$57)-입력값!$B$96)/입력값!$B$98,ROUNDUP(MAX(0,($A69*손익분기계산기!$B$56+$A69*I$65*손익분기계산기!$B$57)-입력값!$B$96)/입력값!$B$98,0))*입력값!$B$100)-(MIN(MAX(0,($A69*I$65*손익분기계산기!$B$54-손익분기계산기!$B$58-IF(입력값!$B$99="비례",MAX(0,($A69*손익분기계산기!$B$56+$A69*I$65*손익분기계산기!$B$57)-입력값!$B$96)/입력값!$B$98,ROUNDUP(MAX(0,($A69*손익분기계산기!$B$56+$A69*I$65*손익분기계산기!$B$57)-입력값!$B$96)/입력값!$B$98,0))*입력값!$B$100)*12),입력값!$A$55)*입력값!$B$55+MAX(0,MIN(MAX(0,($A69*I$65*손익분기계산기!$B$54-손익분기계산기!$B$58-IF(입력값!$B$99="비례",MAX(0,($A69*손익분기계산기!$B$56+$A69*I$65*손익분기계산기!$B$57)-입력값!$B$96)/입력값!$B$98,ROUNDUP(MAX(0,($A69*손익분기계산기!$B$56+$A69*I$65*손익분기계산기!$B$57)-입력값!$B$96)/입력값!$B$98,0))*입력값!$B$100)*12),입력값!$A$56)-입력값!$A$55)*입력값!$B$56+MAX(0,MIN(MAX(0,($A69*I$65*손익분기계산기!$B$54-손익분기계산기!$B$58-IF(입력값!$B$99="비례",MAX(0,($A69*손익분기계산기!$B$56+$A69*I$65*손익분기계산기!$B$57)-입력값!$B$96)/입력값!$B$98,ROUNDUP(MAX(0,($A69*손익분기계산기!$B$56+$A69*I$65*손익분기계산기!$B$57)-입력값!$B$96)/입력값!$B$98,0))*입력값!$B$100)*12),입력값!$A$57)-입력값!$A$56)*입력값!$B$57+MAX(0,MAX(0,($A69*I$65*손익분기계산기!$B$54-손익분기계산기!$B$58-IF(입력값!$B$99="비례",MAX(0,($A69*손익분기계산기!$B$56+$A69*I$65*손익분기계산기!$B$57)-입력값!$B$96)/입력값!$B$98,ROUNDUP(MAX(0,($A69*손익분기계산기!$B$56+$A69*I$65*손익분기계산기!$B$57)-입력값!$B$96)/입력값!$B$98,0))*입력값!$B$100)*12)-입력값!$A$57)*입력값!$B$58)*(1+입력값!$B$59)*(1-입력값!$B$60)/12))*입력값!$B$64
A70: 25 | B70: =(($A70*B$65*손익분기계산기!$B$54-손익분기계산기!$B$58-IF(입력값!$B$99="비례",MAX(0,($A70*손익분기계산기!$B$56+$A70*B$65*손익분기계산기!$B$57)-입력값!$B$96)/입력값!$B$98,ROUNDUP(MAX(0,($A70*손익분기계산기!$B$56+$A70*B$65*손익분기계산기!$B$57)-입력값!$B$96)/입력값!$B$98,0))*입력값!$B$100)-(MIN(MAX(0,($A70*B$65*손익분기계산기!$B$54-손익분기계산기!$B$58-IF(입력값!$B$99="비례",MAX(0,($A70*손익분기계산기!$B$56+$A70*B$65*손익분기계산기!$B$57)-입력값!$B$96)/입력값!$B$98,ROUNDUP(MAX(0,($A70*손익분기계산기!$B$56+$A70*B$65*손익분기계산기!$B$57)-입력값!$B$96)/입력값!$B$98,0))*입력값!$B$100)*12),입력값!$A$55)*입력값!$B$55+MAX(0,MIN(MAX(0,($A70*B$65*손익분기계산기!$B$54-손익분기계산기!$B$58-IF(입력값!$B$99="비례",MAX(0,($A70*손익분기계산기!$B$56+$A70*B$65*손익분기계산기!$B$57)-입력값!$B$96)/입력값!$B$98,ROUNDUP(MAX(0,($A70*손익분기계산기!$B$56+$A70*B$65*손익분기계산기!$B$57)-입력값!$B$96)/입력값!$B$98,0))*입력값!$B$100)*12),입력값!$A$56)-입력값!$A$55)*입력값!$B$56+MAX(0,MIN(MAX(0,($A70*B$65*손익분기계산기!$B$54-손익분기계산기!$B$58-IF(입력값!$B$99="비례",MAX(0,($A70*손익분기계산기!$B$56+$A70*B$65*손익분기계산기!$B$57)-입력값!$B$96)/입력값!$B$98,ROUNDUP(MAX(0,($A70*손익분기계산기!$B$56+$A70*B$65*손익분기계산기!$B$57)-입력값!$B$96)/입력값!$B$98,0))*입력값!$B$100)*12),입력값!$A$57)-입력값!$A$56)*입력값!$B$57+MAX(0,MAX(0,($A70*B$65*손익분기계산기!$B$54-손익분기계산기!$B$58-IF(입력값!$B$99="비례",MAX(0,($A70*손익분기계산기!$B$56+$A70*B$65*손익분기계산기!$B$57)-입력값!$B$96)/입력값!$B$98,ROUNDUP(MAX(0,($A70*손익분기계산기!$B$56+$A70*B$65*손익분기계산기!$B$57)-입력값!$B$96)/입력값!$B$98,0))*입력값!$B$100)*12)-입력값!$A$57)*입력값!$B$58)*(1+입력값!$B$59)*(1-입력값!$B$60)/12)-MAX(0,(($A70*B$65*손익분기계산기!$B$54-손익분기계산기!$B$58-IF(입력값!$B$99="비례",MAX(0,($A70*손익분기계산기!$B$56+$A70*B$65*손익분기계산기!$B$57)-입력값!$B$96)/입력값!$B$98,ROUNDUP(MAX(0,($A70*손익분기계산기!$B$56+$A70*B$65*손익분기계산기!$B$57)-입력값!$B$96)/입력값!$B$98,0))*입력값!$B$100)-(MIN(MAX(0,($A70*B$65*손익분기계산기!$B$54-손익분기계산기!$B$58-IF(입력값!$B$99="비례",MAX(0,($A70*손익분기계산기!$B$56+$A70*B$65*손익분기계산기!$B$57)-입력값!$B$96)/입력값!$B$98,ROUNDUP(MAX(0,($A70*손익분기계산기!$B$56+$A70*B$65*손익분기계산기!$B$57)-입력값!$B$96)/입력값!$B$98,0))*입력값!$B$100)*12),입력값!$A$55)*입력값!$B$55+MAX(0,MIN(MAX(0,($A70*B$65*손익분기계산기!$B$54-손익분기계산기!$B$58-IF(입력값!$B$99="비례",MAX(0,($A70*손익분기계산기!$B$56+$A70*B$65*손익분기계산기!$B$57)-입력값!$B$96)/입력값!$B$98,ROUNDUP(MAX(0,($A70*손익분기계산기!$B$56+$A70*B$65*손익분기계산기!$B$57)-입력값!$B$96)/입력값!$B$98,0))*입력값!$B$100)*12),입력값!$A$56)-입력값!$A$55)*입력값!$B$56+MAX(0,MIN(MAX(0,($A70*B$65*손익분기계산기!$B$54-손익분기계산기!$B$58-IF(입력값!$B$99="비례",MAX(0,($A70*손익분기계산기!$B$56+$A70*B$65*손익분기계산기!$B$57)-입력값!$B$96)/입력값!$B$98,ROUNDUP(MAX(0,($A70*손익분기계산기!$B$56+$A70*B$65*손익분기계산기!$B$57)-입력값!$B$96)/입력값!$B$98,0))*입력값!$B$100)*12),입력값!$A$57)-입력값!$A$56)*입력값!$B$57+MAX(0,MAX(0,($A70*B$65*손익분기계산기!$B$54-손익분기계산기!$B$58-IF(입력값!$B$99="비례",MAX(0,($A70*손익분기계산기!$B$56+$A70*B$65*손익분기계산기!$B$57)-입력값!$B$96)/입력값!$B$98,ROUNDUP(MAX(0,($A70*손익분기계산기!$B$56+$A70*B$65*손익분기계산기!$B$57)-입력값!$B$96)/입력값!$B$98,0))*입력값!$B$100)*12)-입력값!$A$57)*입력값!$B$58)*(1+입력값!$B$59)*(1-입력값!$B$60)/12))*입력값!$B$64 | C70: =(($A70*C$65*손익분기계산기!$B$54-손익분기계산기!$B$58-IF(입력값!$B$99="비례",MAX(0,($A70*손익분기계산기!$B$56+$A70*C$65*손익분기계산기!$B$57)-입력값!$B$96)/입력값!$B$98,ROUNDUP(MAX(0,($A70*손익분기계산기!$B$56+$A70*C$65*손익분기계산기!$B$57)-입력값!$B$96)/입력값!$B$98,0))*입력값!$B$100)-(MIN(MAX(0,($A70*C$65*손익분기계산기!$B$54-손익분기계산기!$B$58-IF(입력값!$B$99="비례",MAX(0,($A70*손익분기계산기!$B$56+$A70*C$65*손익분기계산기!$B$57)-입력값!$B$96)/입력값!$B$98,ROUNDUP(MAX(0,($A70*손익분기계산기!$B$56+$A70*C$65*손익분기계산기!$B$57)-입력값!$B$96)/입력값!$B$98,0))*입력값!$B$100)*12),입력값!$A$55)*입력값!$B$55+MAX(0,MIN(MAX(0,($A70*C$65*손익분기계산기!$B$54-손익분기계산기!$B$58-IF(입력값!$B$99="비례",MAX(0,($A70*손익분기계산기!$B$56+$A70*C$65*손익분기계산기!$B$57)-입력값!$B$96)/입력값!$B$98,ROUNDUP(MAX(0,($A70*손익분기계산기!$B$56+$A70*C$65*손익분기계산기!$B$57)-입력값!$B$96)/입력값!$B$98,0))*입력값!$B$100)*12),입력값!$A$56)-입력값!$A$55)*입력값!$B$56+MAX(0,MIN(MAX(0,($A70*C$65*손익분기계산기!$B$54-손익분기계산기!$B$58-IF(입력값!$B$99="비례",MAX(0,($A70*손익분기계산기!$B$56+$A70*C$65*손익분기계산기!$B$57)-입력값!$B$96)/입력값!$B$98,ROUNDUP(MAX(0,($A70*손익분기계산기!$B$56+$A70*C$65*손익분기계산기!$B$57)-입력값!$B$96)/입력값!$B$98,0))*입력값!$B$100)*12),입력값!$A$57)-입력값!$A$56)*입력값!$B$57+MAX(0,MAX(0,($A70*C$65*손익분기계산기!$B$54-손익분기계산기!$B$58-IF(입력값!$B$99="비례",MAX(0,($A70*손익분기계산기!$B$56+$A70*C$65*손익분기계산기!$B$57)-입력값!$B$96)/입력값!$B$98,ROUNDUP(MAX(0,($A70*손익분기계산기!$B$56+$A70*C$65*손익분기계산기!$B$57)-입력값!$B$96)/입력값!$B$98,0))*입력값!$B$100)*12)-입력값!$A$57)*입력값!$B$58)*(1+입력값!$B$59)*(1-입력값!$B$60)/12)-MAX(0,(($A70*C$65*손익분기계산기!$B$54-손익분기계산기!$B$58-IF(입력값!$B$99="비례",MAX(0,($A70*손익분기계산기!$B$56+$A70*C$65*손익분기계산기!$B$57)-입력값!$B$96)/입력값!$B$98,ROUNDUP(MAX(0,($A70*손익분기계산기!$B$56+$A70*C$65*손익분기계산기!$B$57)-입력값!$B$96)/입력값!$B$98,0))*입력값!$B$100)-(MIN(MAX(0,($A70*C$65*손익분기계산기!$B$54-손익분기계산기!$B$58-IF(입력값!$B$99="비례",MAX(0,($A70*손익분기계산기!$B$56+$A70*C$65*손익분기계산기!$B$57)-입력값!$B$96)/입력값!$B$98,ROUNDUP(MAX(0,($A70*손익분기계산기!$B$56+$A70*C$65*손익분기계산기!$B$57)-입력값!$B$96)/입력값!$B$98,0))*입력값!$B$100)*12),입력값!$A$55)*입력값!$B$55+MAX(0,MIN(MAX(0,($A70*C$65*손익분기계산기!$B$54-손익분기계산기!$B$58-IF(입력값!$B$99="비례",MAX(0,($A70*손익분기계산기!$B$56+$A70*C$65*손익분기계산기!$B$57)-입력값!$B$96)/입력값!$B$98,ROUNDUP(MAX(0,($A70*손익분기계산기!$B$56+$A70*C$65*손익분기계산기!$B$57)-입력값!$B$96)/입력값!$B$98,0))*입력값!$B$100)*12),입력값!$A$56)-입력값!$A$55)*입력값!$B$56+MAX(0,MIN(MAX(0,($A70*C$65*손익분기계산기!$B$54-손익분기계산기!$B$58-IF(입력값!$B$99="비례",MAX(0,($A70*손익분기계산기!$B$56+$A70*C$65*손익분기계산기!$B$57)-입력값!$B$96)/입력값!$B$98,ROUNDUP(MAX(0,($A70*손익분기계산기!$B$56+$A70*C$65*손익분기계산기!$B$57)-입력값!$B$96)/입력값!$B$98,0))*입력값!$B$100)*12),입력값!$A$57)-입력값!$A$56)*입력값!$B$57+MAX(0,MAX(0,($A70*C$65*손익분기계산기!$B$54-손익분기계산기!$B$58-IF(입력값!$B$99="비례",MAX(0,($A70*손익분기계산기!$B$56+$A70*C$65*손익분기계산기!$B$57)-입력값!$B$96)/입력값!$B$98,ROUNDUP(MAX(0,($A70*손익분기계산기!$B$56+$A70*C$65*손익분기계산기!$B$57)-입력값!$B$96)/입력값!$B$98,0))*입력값!$B$100)*12)-입력값!$A$57)*입력값!$B$58)*(1+입력값!$B$59)*(1-입력값!$B$60)/12))*입력값!$B$64 | D70: =(($A70*D$65*손익분기계산기!$B$54-손익분기계산기!$B$58-IF(입력값!$B$99="비례",MAX(0,($A70*손익분기계산기!$B$56+$A70*D$65*손익분기계산기!$B$57)-입력값!$B$96)/입력값!$B$98,ROUNDUP(MAX(0,($A70*손익분기계산기!$B$56+$A70*D$65*손익분기계산기!$B$57)-입력값!$B$96)/입력값!$B$98,0))*입력값!$B$100)-(MIN(MAX(0,($A70*D$65*손익분기계산기!$B$54-손익분기계산기!$B$58-IF(입력값!$B$99="비례",MAX(0,($A70*손익분기계산기!$B$56+$A70*D$65*손익분기계산기!$B$57)-입력값!$B$96)/입력값!$B$98,ROUNDUP(MAX(0,($A70*손익분기계산기!$B$56+$A70*D$65*손익분기계산기!$B$57)-입력값!$B$96)/입력값!$B$98,0))*입력값!$B$100)*12),입력값!$A$55)*입력값!$B$55+MAX(0,MIN(MAX(0,($A70*D$65*손익분기계산기!$B$54-손익분기계산기!$B$58-IF(입력값!$B$99="비례",MAX(0,($A70*손익분기계산기!$B$56+$A70*D$65*손익분기계산기!$B$57)-입력값!$B$96)/입력값!$B$98,ROUNDUP(MAX(0,($A70*손익분기계산기!$B$56+$A70*D$65*손익분기계산기!$B$57)-입력값!$B$96)/입력값!$B$98,0))*입력값!$B$100)*12),입력값!$A$56)-입력값!$A$55)*입력값!$B$56+MAX(0,MIN(MAX(0,($A70*D$65*손익분기계산기!$B$54-손익분기계산기!$B$58-IF(입력값!$B$99="비례",MAX(0,($A70*손익분기계산기!$B$56+$A70*D$65*손익분기계산기!$B$57)-입력값!$B$96)/입력값!$B$98,ROUNDUP(MAX(0,($A70*손익분기계산기!$B$56+$A70*D$65*손익분기계산기!$B$57)-입력값!$B$96)/입력값!$B$98,0))*입력값!$B$100)*12),입력값!$A$57)-입력값!$A$56)*입력값!$B$57+MAX(0,MAX(0,($A70*D$65*손익분기계산기!$B$54-손익분기계산기!$B$58-IF(입력값!$B$99="비례",MAX(0,($A70*손익분기계산기!$B$56+$A70*D$65*손익분기계산기!$B$57)-입력값!$B$96)/입력값!$B$98,ROUNDUP(MAX(0,($A70*손익분기계산기!$B$56+$A70*D$65*손익분기계산기!$B$57)-입력값!$B$96)/입력값!$B$98,0))*입력값!$B$100)*12)-입력값!$A$57)*입력값!$B$58)*(1+입력값!$B$59)*(1-입력값!$B$60)/12)-MAX(0,(($A70*D$65*손익분기계산기!$B$54-손익분기계산기!$B$58-IF(입력값!$B$99="비례",MAX(0,($A70*손익분기계산기!$B$56+$A70*D$65*손익분기계산기!$B$57)-입력값!$B$96)/입력값!$B$98,ROUNDUP(MAX(0,($A70*손익분기계산기!$B$56+$A70*D$65*손익분기계산기!$B$57)-입력값!$B$96)/입력값!$B$98,0))*입력값!$B$100)-(MIN(MAX(0,($A70*D$65*손익분기계산기!$B$54-손익분기계산기!$B$58-IF(입력값!$B$99="비례",MAX(0,($A70*손익분기계산기!$B$56+$A70*D$65*손익분기계산기!$B$57)-입력값!$B$96)/입력값!$B$98,ROUNDUP(MAX(0,($A70*손익분기계산기!$B$56+$A70*D$65*손익분기계산기!$B$57)-입력값!$B$96)/입력값!$B$98,0))*입력값!$B$100)*12),입력값!$A$55)*입력값!$B$55+MAX(0,MIN(MAX(0,($A70*D$65*손익분기계산기!$B$54-손익분기계산기!$B$58-IF(입력값!$B$99="비례",MAX(0,($A70*손익분기계산기!$B$56+$A70*D$65*손익분기계산기!$B$57)-입력값!$B$96)/입력값!$B$98,ROUNDUP(MAX(0,($A70*손익분기계산기!$B$56+$A70*D$65*손익분기계산기!$B$57)-입력값!$B$96)/입력값!$B$98,0))*입력값!$B$100)*12),입력값!$A$56)-입력값!$A$55)*입력값!$B$56+MAX(0,MIN(MAX(0,($A70*D$65*손익분기계산기!$B$54-손익분기계산기!$B$58-IF(입력값!$B$99="비례",MAX(0,($A70*손익분기계산기!$B$56+$A70*D$65*손익분기계산기!$B$57)-입력값!$B$96)/입력값!$B$98,ROUNDUP(MAX(0,($A70*손익분기계산기!$B$56+$A70*D$65*손익분기계산기!$B$57)-입력값!$B$96)/입력값!$B$98,0))*입력값!$B$100)*12),입력값!$A$57)-입력값!$A$56)*입력값!$B$57+MAX(0,MAX(0,($A70*D$65*손익분기계산기!$B$54-손익분기계산기!$B$58-IF(입력값!$B$99="비례",MAX(0,($A70*손익분기계산기!$B$56+$A70*D$65*손익분기계산기!$B$57)-입력값!$B$96)/입력값!$B$98,ROUNDUP(MAX(0,($A70*손익분기계산기!$B$56+$A70*D$65*손익분기계산기!$B$57)-입력값!$B$96)/입력값!$B$98,0))*입력값!$B$100)*12)-입력값!$A$57)*입력값!$B$58)*(1+입력값!$B$59)*(1-입력값!$B$60)/12))*입력값!$B$64 | E70: =(($A70*E$65*손익분기계산기!$B$54-손익분기계산기!$B$58-IF(입력값!$B$99="비례",MAX(0,($A70*손익분기계산기!$B$56+$A70*E$65*손익분기계산기!$B$57)-입력값!$B$96)/입력값!$B$98,ROUNDUP(MAX(0,($A70*손익분기계산기!$B$56+$A70*E$65*손익분기계산기!$B$57)-입력값!$B$96)/입력값!$B$98,0))*입력값!$B$100)-(MIN(MAX(0,($A70*E$65*손익분기계산기!$B$54-손익분기계산기!$B$58-IF(입력값!$B$99="비례",MAX(0,($A70*손익분기계산기!$B$56+$A70*E$65*손익분기계산기!$B$57)-입력값!$B$96)/입력값!$B$98,ROUNDUP(MAX(0,($A70*손익분기계산기!$B$56+$A70*E$65*손익분기계산기!$B$57)-입력값!$B$96)/입력값!$B$98,0))*입력값!$B$100)*12),입력값!$A$55)*입력값!$B$55+MAX(0,MIN(MAX(0,($A70*E$65*손익분기계산기!$B$54-손익분기계산기!$B$58-IF(입력값!$B$99="비례",MAX(0,($A70*손익분기계산기!$B$56+$A70*E$65*손익분기계산기!$B$57)-입력값!$B$96)/입력값!$B$98,ROUNDUP(MAX(0,($A70*손익분기계산기!$B$56+$A70*E$65*손익분기계산기!$B$57)-입력값!$B$96)/입력값!$B$98,0))*입력값!$B$100)*12),입력값!$A$56)-입력값!$A$55)*입력값!$B$56+MAX(0,MIN(MAX(0,($A70*E$65*손익분기계산기!$B$54-손익분기계산기!$B$58-IF(입력값!$B$99="비례",MAX(0,($A70*손익분기계산기!$B$56+$A70*E$65*손익분기계산기!$B$57)-입력값!$B$96)/입력값!$B$98,ROUNDUP(MAX(0,($A70*손익분기계산기!$B$56+$A70*E$65*손익분기계산기!$B$57)-입력값!$B$96)/입력값!$B$98,0))*입력값!$B$100)*12),입력값!$A$57)-입력값!$A$56)*입력값!$B$57+MAX(0,MAX(0,($A70*E$65*손익분기계산기!$B$54-손익분기계산기!$B$58-IF(입력값!$B$99="비례",MAX(0,($A70*손익분기계산기!$B$56+$A70*E$65*손익분기계산기!$B$57)-입력값!$B$96)/입력값!$B$98,ROUNDUP(MAX(0,($A70*손익분기계산기!$B$56+$A70*E$65*손익분기계산기!$B$57)-입력값!$B$96)/입력값!$B$98,0))*입력값!$B$100)*12)-입력값!$A$57)*입력값!$B$58)*(1+입력값!$B$59)*(1-입력값!$B$60)/12)-MAX(0,(($A70*E$65*손익분기계산기!$B$54-손익분기계산기!$B$58-IF(입력값!$B$99="비례",MAX(0,($A70*손익분기계산기!$B$56+$A70*E$65*손익분기계산기!$B$57)-입력값!$B$96)/입력값!$B$98,ROUNDUP(MAX(0,($A70*손익분기계산기!$B$56+$A70*E$65*손익분기계산기!$B$57)-입력값!$B$96)/입력값!$B$98,0))*입력값!$B$100)-(MIN(MAX(0,($A70*E$65*손익분기계산기!$B$54-손익분기계산기!$B$58-IF(입력값!$B$99="비례",MAX(0,($A70*손익분기계산기!$B$56+$A70*E$65*손익분기계산기!$B$57)-입력값!$B$96)/입력값!$B$98,ROUNDUP(MAX(0,($A70*손익분기계산기!$B$56+$A70*E$65*손익분기계산기!$B$57)-입력값!$B$96)/입력값!$B$98,0))*입력값!$B$100)*12),입력값!$A$55)*입력값!$B$55+MAX(0,MIN(MAX(0,($A70*E$65*손익분기계산기!$B$54-손익분기계산기!$B$58-IF(입력값!$B$99="비례",MAX(0,($A70*손익분기계산기!$B$56+$A70*E$65*손익분기계산기!$B$57)-입력값!$B$96)/입력값!$B$98,ROUNDUP(MAX(0,($A70*손익분기계산기!$B$56+$A70*E$65*손익분기계산기!$B$57)-입력값!$B$96)/입력값!$B$98,0))*입력값!$B$100)*12),입력값!$A$56)-입력값!$A$55)*입력값!$B$56+MAX(0,MIN(MAX(0,($A70*E$65*손익분기계산기!$B$54-손익분기계산기!$B$58-IF(입력값!$B$99="비례",MAX(0,($A70*손익분기계산기!$B$56+$A70*E$65*손익분기계산기!$B$57)-입력값!$B$96)/입력값!$B$98,ROUNDUP(MAX(0,($A70*손익분기계산기!$B$56+$A70*E$65*손익분기계산기!$B$57)-입력값!$B$96)/입력값!$B$98,0))*입력값!$B$100)*12),입력값!$A$57)-입력값!$A$56)*입력값!$B$57+MAX(0,MAX(0,($A70*E$65*손익분기계산기!$B$54-손익분기계산기!$B$58-IF(입력값!$B$99="비례",MAX(0,($A70*손익분기계산기!$B$56+$A70*E$65*손익분기계산기!$B$57)-입력값!$B$96)/입력값!$B$98,ROUNDUP(MAX(0,($A70*손익분기계산기!$B$56+$A70*E$65*손익분기계산기!$B$57)-입력값!$B$96)/입력값!$B$98,0))*입력값!$B$100)*12)-입력값!$A$57)*입력값!$B$58)*(1+입력값!$B$59)*(1-입력값!$B$60)/12))*입력값!$B$64 | F70: =(($A70*F$65*손익분기계산기!$B$54-손익분기계산기!$B$58-IF(입력값!$B$99="비례",MAX(0,($A70*손익분기계산기!$B$56+$A70*F$65*손익분기계산기!$B$57)-입력값!$B$96)/입력값!$B$98,ROUNDUP(MAX(0,($A70*손익분기계산기!$B$56+$A70*F$65*손익분기계산기!$B$57)-입력값!$B$96)/입력값!$B$98,0))*입력값!$B$100)-(MIN(MAX(0,($A70*F$65*손익분기계산기!$B$54-손익분기계산기!$B$58-IF(입력값!$B$99="비례",MAX(0,($A70*손익분기계산기!$B$56+$A70*F$65*손익분기계산기!$B$57)-입력값!$B$96)/입력값!$B$98,ROUNDUP(MAX(0,($A70*손익분기계산기!$B$56+$A70*F$65*손익분기계산기!$B$57)-입력값!$B$96)/입력값!$B$98,0))*입력값!$B$100)*12),입력값!$A$55)*입력값!$B$55+MAX(0,MIN(MAX(0,($A70*F$65*손익분기계산기!$B$54-손익분기계산기!$B$58-IF(입력값!$B$99="비례",MAX(0,($A70*손익분기계산기!$B$56+$A70*F$65*손익분기계산기!$B$57)-입력값!$B$96)/입력값!$B$98,ROUNDUP(MAX(0,($A70*손익분기계산기!$B$56+$A70*F$65*손익분기계산기!$B$57)-입력값!$B$96)/입력값!$B$98,0))*입력값!$B$100)*12),입력값!$A$56)-입력값!$A$55)*입력값!$B$56+MAX(0,MIN(MAX(0,($A70*F$65*손익분기계산기!$B$54-손익분기계산기!$B$58-IF(입력값!$B$99="비례",MAX(0,($A70*손익분기계산기!$B$56+$A70*F$65*손익분기계산기!$B$57)-입력값!$B$96)/입력값!$B$98,ROUNDUP(MAX(0,($A70*손익분기계산기!$B$56+$A70*F$65*손익분기계산기!$B$57)-입력값!$B$96)/입력값!$B$98,0))*입력값!$B$100)*12),입력값!$A$57)-입력값!$A$56)*입력값!$B$57+MAX(0,MAX(0,($A70*F$65*손익분기계산기!$B$54-손익분기계산기!$B$58-IF(입력값!$B$99="비례",MAX(0,($A70*손익분기계산기!$B$56+$A70*F$65*손익분기계산기!$B$57)-입력값!$B$96)/입력값!$B$98,ROUNDUP(MAX(0,($A70*손익분기계산기!$B$56+$A70*F$65*손익분기계산기!$B$57)-입력값!$B$96)/입력값!$B$98,0))*입력값!$B$100)*12)-입력값!$A$57)*입력값!$B$58)*(1+입력값!$B$59)*(1-입력값!$B$60)/12)-MAX(0,(($A70*F$65*손익분기계산기!$B$54-손익분기계산기!$B$58-IF(입력값!$B$99="비례",MAX(0,($A70*손익분기계산기!$B$56+$A70*F$65*손익분기계산기!$B$57)-입력값!$B$96)/입력값!$B$98,ROUNDUP(MAX(0,($A70*손익분기계산기!$B$56+$A70*F$65*손익분기계산기!$B$57)-입력값!$B$96)/입력값!$B$98,0))*입력값!$B$100)-(MIN(MAX(0,($A70*F$65*손익분기계산기!$B$54-손익분기계산기!$B$58-IF(입력값!$B$99="비례",MAX(0,($A70*손익분기계산기!$B$56+$A70*F$65*손익분기계산기!$B$57)-입력값!$B$96)/입력값!$B$98,ROUNDUP(MAX(0,($A70*손익분기계산기!$B$56+$A70*F$65*손익분기계산기!$B$57)-입력값!$B$96)/입력값!$B$98,0))*입력값!$B$100)*12),입력값!$A$55)*입력값!$B$55+MAX(0,MIN(MAX(0,($A70*F$65*손익분기계산기!$B$54-손익분기계산기!$B$58-IF(입력값!$B$99="비례",MAX(0,($A70*손익분기계산기!$B$56+$A70*F$65*손익분기계산기!$B$57)-입력값!$B$96)/입력값!$B$98,ROUNDUP(MAX(0,($A70*손익분기계산기!$B$56+$A70*F$65*손익분기계산기!$B$57)-입력값!$B$96)/입력값!$B$98,0))*입력값!$B$100)*12),입력값!$A$56)-입력값!$A$55)*입력값!$B$56+MAX(0,MIN(MAX(0,($A70*F$65*손익분기계산기!$B$54-손익분기계산기!$B$58-IF(입력값!$B$99="비례",MAX(0,($A70*손익분기계산기!$B$56+$A70*F$65*손익분기계산기!$B$57)-입력값!$B$96)/입력값!$B$98,ROUNDUP(MAX(0,($A70*손익분기계산기!$B$56+$A70*F$65*손익분기계산기!$B$57)-입력값!$B$96)/입력값!$B$98,0))*입력값!$B$100)*12),입력값!$A$57)-입력값!$A$56)*입력값!$B$57+MAX(0,MAX(0,($A70*F$65*손익분기계산기!$B$54-손익분기계산기!$B$58-IF(입력값!$B$99="비례",MAX(0,($A70*손익분기계산기!$B$56+$A70*F$65*손익분기계산기!$B$57)-입력값!$B$96)/입력값!$B$98,ROUNDUP(MAX(0,($A70*손익분기계산기!$B$56+$A70*F$65*손익분기계산기!$B$57)-입력값!$B$96)/입력값!$B$98,0))*입력값!$B$100)*12)-입력값!$A$57)*입력값!$B$58)*(1+입력값!$B$59)*(1-입력값!$B$60)/12))*입력값!$B$64 | G70: =(($A70*G$65*손익분기계산기!$B$54-손익분기계산기!$B$58-IF(입력값!$B$99="비례",MAX(0,($A70*손익분기계산기!$B$56+$A70*G$65*손익분기계산기!$B$57)-입력값!$B$96)/입력값!$B$98,ROUNDUP(MAX(0,($A70*손익분기계산기!$B$56+$A70*G$65*손익분기계산기!$B$57)-입력값!$B$96)/입력값!$B$98,0))*입력값!$B$100)-(MIN(MAX(0,($A70*G$65*손익분기계산기!$B$54-손익분기계산기!$B$58-IF(입력값!$B$99="비례",MAX(0,($A70*손익분기계산기!$B$56+$A70*G$65*손익분기계산기!$B$57)-입력값!$B$96)/입력값!$B$98,ROUNDUP(MAX(0,($A70*손익분기계산기!$B$56+$A70*G$65*손익분기계산기!$B$57)-입력값!$B$96)/입력값!$B$98,0))*입력값!$B$100)*12),입력값!$A$55)*입력값!$B$55+MAX(0,MIN(MAX(0,($A70*G$65*손익분기계산기!$B$54-손익분기계산기!$B$58-IF(입력값!$B$99="비례",MAX(0,($A70*손익분기계산기!$B$56+$A70*G$65*손익분기계산기!$B$57)-입력값!$B$96)/입력값!$B$98,ROUNDUP(MAX(0,($A70*손익분기계산기!$B$56+$A70*G$65*손익분기계산기!$B$57)-입력값!$B$96)/입력값!$B$98,0))*입력값!$B$100)*12),입력값!$A$56)-입력값!$A$55)*입력값!$B$56+MAX(0,MIN(MAX(0,($A70*G$65*손익분기계산기!$B$54-손익분기계산기!$B$58-IF(입력값!$B$99="비례",MAX(0,($A70*손익분기계산기!$B$56+$A70*G$65*손익분기계산기!$B$57)-입력값!$B$96)/입력값!$B$98,ROUNDUP(MAX(0,($A70*손익분기계산기!$B$56+$A70*G$65*손익분기계산기!$B$57)-입력값!$B$96)/입력값!$B$98,0))*입력값!$B$100)*12),입력값!$A$57)-입력값!$A$56)*입력값!$B$57+MAX(0,MAX(0,($A70*G$65*손익분기계산기!$B$54-손익분기계산기!$B$58-IF(입력값!$B$99="비례",MAX(0,($A70*손익분기계산기!$B$56+$A70*G$65*손익분기계산기!$B$57)-입력값!$B$96)/입력값!$B$98,ROUNDUP(MAX(0,($A70*손익분기계산기!$B$56+$A70*G$65*손익분기계산기!$B$57)-입력값!$B$96)/입력값!$B$98,0))*입력값!$B$100)*12)-입력값!$A$57)*입력값!$B$58)*(1+입력값!$B$59)*(1-입력값!$B$60)/12)-MAX(0,(($A70*G$65*손익분기계산기!$B$54-손익분기계산기!$B$58-IF(입력값!$B$99="비례",MAX(0,($A70*손익분기계산기!$B$56+$A70*G$65*손익분기계산기!$B$57)-입력값!$B$96)/입력값!$B$98,ROUNDUP(MAX(0,($A70*손익분기계산기!$B$56+$A70*G$65*손익분기계산기!$B$57)-입력값!$B$96)/입력값!$B$98,0))*입력값!$B$100)-(MIN(MAX(0,($A70*G$65*손익분기계산기!$B$54-손익분기계산기!$B$58-IF(입력값!$B$99="비례",MAX(0,($A70*손익분기계산기!$B$56+$A70*G$65*손익분기계산기!$B$57)-입력값!$B$96)/입력값!$B$98,ROUNDUP(MAX(0,($A70*손익분기계산기!$B$56+$A70*G$65*손익분기계산기!$B$57)-입력값!$B$96)/입력값!$B$98,0))*입력값!$B$100)*12),입력값!$A$55)*입력값!$B$55+MAX(0,MIN(MAX(0,($A70*G$65*손익분기계산기!$B$54-손익분기계산기!$B$58-IF(입력값!$B$99="비례",MAX(0,($A70*손익분기계산기!$B$56+$A70*G$65*손익분기계산기!$B$57)-입력값!$B$96)/입력값!$B$98,ROUNDUP(MAX(0,($A70*손익분기계산기!$B$56+$A70*G$65*손익분기계산기!$B$57)-입력값!$B$96)/입력값!$B$98,0))*입력값!$B$100)*12),입력값!$A$56)-입력값!$A$55)*입력값!$B$56+MAX(0,MIN(MAX(0,($A70*G$65*손익분기계산기!$B$54-손익분기계산기!$B$58-IF(입력값!$B$99="비례",MAX(0,($A70*손익분기계산기!$B$56+$A70*G$65*손익분기계산기!$B$57)-입력값!$B$96)/입력값!$B$98,ROUNDUP(MAX(0,($A70*손익분기계산기!$B$56+$A70*G$65*손익분기계산기!$B$57)-입력값!$B$96)/입력값!$B$98,0))*입력값!$B$100)*12),입력값!$A$57)-입력값!$A$56)*입력값!$B$57+MAX(0,MAX(0,($A70*G$65*손익분기계산기!$B$54-손익분기계산기!$B$58-IF(입력값!$B$99="비례",MAX(0,($A70*손익분기계산기!$B$56+$A70*G$65*손익분기계산기!$B$57)-입력값!$B$96)/입력값!$B$98,ROUNDUP(MAX(0,($A70*손익분기계산기!$B$56+$A70*G$65*손익분기계산기!$B$57)-입력값!$B$96)/입력값!$B$98,0))*입력값!$B$100)*12)-입력값!$A$57)*입력값!$B$58)*(1+입력값!$B$59)*(1-입력값!$B$60)/12))*입력값!$B$64 | H70: =(($A70*H$65*손익분기계산기!$B$54-손익분기계산기!$B$58-IF(입력값!$B$99="비례",MAX(0,($A70*손익분기계산기!$B$56+$A70*H$65*손익분기계산기!$B$57)-입력값!$B$96)/입력값!$B$98,ROUNDUP(MAX(0,($A70*손익분기계산기!$B$56+$A70*H$65*손익분기계산기!$B$57)-입력값!$B$96)/입력값!$B$98,0))*입력값!$B$100)-(MIN(MAX(0,($A70*H$65*손익분기계산기!$B$54-손익분기계산기!$B$58-IF(입력값!$B$99="비례",MAX(0,($A70*손익분기계산기!$B$56+$A70*H$65*손익분기계산기!$B$57)-입력값!$B$96)/입력값!$B$98,ROUNDUP(MAX(0,($A70*손익분기계산기!$B$56+$A70*H$65*손익분기계산기!$B$57)-입력값!$B$96)/입력값!$B$98,0))*입력값!$B$100)*12),입력값!$A$55)*입력값!$B$55+MAX(0,MIN(MAX(0,($A70*H$65*손익분기계산기!$B$54-손익분기계산기!$B$58-IF(입력값!$B$99="비례",MAX(0,($A70*손익분기계산기!$B$56+$A70*H$65*손익분기계산기!$B$57)-입력값!$B$96)/입력값!$B$98,ROUNDUP(MAX(0,($A70*손익분기계산기!$B$56+$A70*H$65*손익분기계산기!$B$57)-입력값!$B$96)/입력값!$B$98,0))*입력값!$B$100)*12),입력값!$A$56)-입력값!$A$55)*입력값!$B$56+MAX(0,MIN(MAX(0,($A70*H$65*손익분기계산기!$B$54-손익분기계산기!$B$58-IF(입력값!$B$99="비례",MAX(0,($A70*손익분기계산기!$B$56+$A70*H$65*손익분기계산기!$B$57)-입력값!$B$96)/입력값!$B$98,ROUNDUP(MAX(0,($A70*손익분기계산기!$B$56+$A70*H$65*손익분기계산기!$B$57)-입력값!$B$96)/입력값!$B$98,0))*입력값!$B$100)*12),입력값!$A$57)-입력값!$A$56)*입력값!$B$57+MAX(0,MAX(0,($A70*H$65*손익분기계산기!$B$54-손익분기계산기!$B$58-IF(입력값!$B$99="비례",MAX(0,($A70*손익분기계산기!$B$56+$A70*H$65*손익분기계산기!$B$57)-입력값!$B$96)/입력값!$B$98,ROUNDUP(MAX(0,($A70*손익분기계산기!$B$56+$A70*H$65*손익분기계산기!$B$57)-입력값!$B$96)/입력값!$B$98,0))*입력값!$B$100)*12)-입력값!$A$57)*입력값!$B$58)*(1+입력값!$B$59)*(1-입력값!$B$60)/12)-MAX(0,(($A70*H$65*손익분기계산기!$B$54-손익분기계산기!$B$58-IF(입력값!$B$99="비례",MAX(0,($A70*손익분기계산기!$B$56+$A70*H$65*손익분기계산기!$B$57)-입력값!$B$96)/입력값!$B$98,ROUNDUP(MAX(0,($A70*손익분기계산기!$B$56+$A70*H$65*손익분기계산기!$B$57)-입력값!$B$96)/입력값!$B$98,0))*입력값!$B$100)-(MIN(MAX(0,($A70*H$65*손익분기계산기!$B$54-손익분기계산기!$B$58-IF(입력값!$B$99="비례",MAX(0,($A70*손익분기계산기!$B$56+$A70*H$65*손익분기계산기!$B$57)-입력값!$B$96)/입력값!$B$98,ROUNDUP(MAX(0,($A70*손익분기계산기!$B$56+$A70*H$65*손익분기계산기!$B$57)-입력값!$B$96)/입력값!$B$98,0))*입력값!$B$100)*12),입력값!$A$55)*입력값!$B$55+MAX(0,MIN(MAX(0,($A70*H$65*손익분기계산기!$B$54-손익분기계산기!$B$58-IF(입력값!$B$99="비례",MAX(0,($A70*손익분기계산기!$B$56+$A70*H$65*손익분기계산기!$B$57)-입력값!$B$96)/입력값!$B$98,ROUNDUP(MAX(0,($A70*손익분기계산기!$B$56+$A70*H$65*손익분기계산기!$B$57)-입력값!$B$96)/입력값!$B$98,0))*입력값!$B$100)*12),입력값!$A$56)-입력값!$A$55)*입력값!$B$56+MAX(0,MIN(MAX(0,($A70*H$65*손익분기계산기!$B$54-손익분기계산기!$B$58-IF(입력값!$B$99="비례",MAX(0,($A70*손익분기계산기!$B$56+$A70*H$65*손익분기계산기!$B$57)-입력값!$B$96)/입력값!$B$98,ROUNDUP(MAX(0,($A70*손익분기계산기!$B$56+$A70*H$65*손익분기계산기!$B$57)-입력값!$B$96)/입력값!$B$98,0))*입력값!$B$100)*12),입력값!$A$57)-입력값!$A$56)*입력값!$B$57+MAX(0,MAX(0,($A70*H$65*손익분기계산기!$B$54-손익분기계산기!$B$58-IF(입력값!$B$99="비례",MAX(0,($A70*손익분기계산기!$B$56+$A70*H$65*손익분기계산기!$B$57)-입력값!$B$96)/입력값!$B$98,ROUNDUP(MAX(0,($A70*손익분기계산기!$B$56+$A70*H$65*손익분기계산기!$B$57)-입력값!$B$96)/입력값!$B$98,0))*입력값!$B$100)*12)-입력값!$A$57)*입력값!$B$58)*(1+입력값!$B$59)*(1-입력값!$B$60)/12))*입력값!$B$64 | I70: =(($A70*I$65*손익분기계산기!$B$54-손익분기계산기!$B$58-IF(입력값!$B$99="비례",MAX(0,($A70*손익분기계산기!$B$56+$A70*I$65*손익분기계산기!$B$57)-입력값!$B$96)/입력값!$B$98,ROUNDUP(MAX(0,($A70*손익분기계산기!$B$56+$A70*I$65*손익분기계산기!$B$57)-입력값!$B$96)/입력값!$B$98,0))*입력값!$B$100)-(MIN(MAX(0,($A70*I$65*손익분기계산기!$B$54-손익분기계산기!$B$58-IF(입력값!$B$99="비례",MAX(0,($A70*손익분기계산기!$B$56+$A70*I$65*손익분기계산기!$B$57)-입력값!$B$96)/입력값!$B$98,ROUNDUP(MAX(0,($A70*손익분기계산기!$B$56+$A70*I$65*손익분기계산기!$B$57)-입력값!$B$96)/입력값!$B$98,0))*입력값!$B$100)*12),입력값!$A$55)*입력값!$B$55+MAX(0,MIN(MAX(0,($A70*I$65*손익분기계산기!$B$54-손익분기계산기!$B$58-IF(입력값!$B$99="비례",MAX(0,($A70*손익분기계산기!$B$56+$A70*I$65*손익분기계산기!$B$57)-입력값!$B$96)/입력값!$B$98,ROUNDUP(MAX(0,($A70*손익분기계산기!$B$56+$A70*I$65*손익분기계산기!$B$57)-입력값!$B$96)/입력값!$B$98,0))*입력값!$B$100)*12),입력값!$A$56)-입력값!$A$55)*입력값!$B$56+MAX(0,MIN(MAX(0,($A70*I$65*손익분기계산기!$B$54-손익분기계산기!$B$58-IF(입력값!$B$99="비례",MAX(0,($A70*손익분기계산기!$B$56+$A70*I$65*손익분기계산기!$B$57)-입력값!$B$96)/입력값!$B$98,ROUNDUP(MAX(0,($A70*손익분기계산기!$B$56+$A70*I$65*손익분기계산기!$B$57)-입력값!$B$96)/입력값!$B$98,0))*입력값!$B$100)*12),입력값!$A$57)-입력값!$A$56)*입력값!$B$57+MAX(0,MAX(0,($A70*I$65*손익분기계산기!$B$54-손익분기계산기!$B$58-IF(입력값!$B$99="비례",MAX(0,($A70*손익분기계산기!$B$56+$A70*I$65*손익분기계산기!$B$57)-입력값!$B$96)/입력값!$B$98,ROUNDUP(MAX(0,($A70*손익분기계산기!$B$56+$A70*I$65*손익분기계산기!$B$57)-입력값!$B$96)/입력값!$B$98,0))*입력값!$B$100)*12)-입력값!$A$57)*입력값!$B$58)*(1+입력값!$B$59)*(1-입력값!$B$60)/12)-MAX(0,(($A70*I$65*손익분기계산기!$B$54-손익분기계산기!$B$58-IF(입력값!$B$99="비례",MAX(0,($A70*손익분기계산기!$B$56+$A70*I$65*손익분기계산기!$B$57)-입력값!$B$96)/입력값!$B$98,ROUNDUP(MAX(0,($A70*손익분기계산기!$B$56+$A70*I$65*손익분기계산기!$B$57)-입력값!$B$96)/입력값!$B$98,0))*입력값!$B$100)-(MIN(MAX(0,($A70*I$65*손익분기계산기!$B$54-손익분기계산기!$B$58-IF(입력값!$B$99="비례",MAX(0,($A70*손익분기계산기!$B$56+$A70*I$65*손익분기계산기!$B$57)-입력값!$B$96)/입력값!$B$98,ROUNDUP(MAX(0,($A70*손익분기계산기!$B$56+$A70*I$65*손익분기계산기!$B$57)-입력값!$B$96)/입력값!$B$98,0))*입력값!$B$100)*12),입력값!$A$55)*입력값!$B$55+MAX(0,MIN(MAX(0,($A70*I$65*손익분기계산기!$B$54-손익분기계산기!$B$58-IF(입력값!$B$99="비례",MAX(0,($A70*손익분기계산기!$B$56+$A70*I$65*손익분기계산기!$B$57)-입력값!$B$96)/입력값!$B$98,ROUNDUP(MAX(0,($A70*손익분기계산기!$B$56+$A70*I$65*손익분기계산기!$B$57)-입력값!$B$96)/입력값!$B$98,0))*입력값!$B$100)*12),입력값!$A$56)-입력값!$A$55)*입력값!$B$56+MAX(0,MIN(MAX(0,($A70*I$65*손익분기계산기!$B$54-손익분기계산기!$B$58-IF(입력값!$B$99="비례",MAX(0,($A70*손익분기계산기!$B$56+$A70*I$65*손익분기계산기!$B$57)-입력값!$B$96)/입력값!$B$98,ROUNDUP(MAX(0,($A70*손익분기계산기!$B$56+$A70*I$65*손익분기계산기!$B$57)-입력값!$B$96)/입력값!$B$98,0))*입력값!$B$100)*12),입력값!$A$57)-입력값!$A$56)*입력값!$B$57+MAX(0,MAX(0,($A70*I$65*손익분기계산기!$B$54-손익분기계산기!$B$58-IF(입력값!$B$99="비례",MAX(0,($A70*손익분기계산기!$B$56+$A70*I$65*손익분기계산기!$B$57)-입력값!$B$96)/입력값!$B$98,ROUNDUP(MAX(0,($A70*손익분기계산기!$B$56+$A70*I$65*손익분기계산기!$B$57)-입력값!$B$96)/입력값!$B$98,0))*입력값!$B$100)*12)-입력값!$A$57)*입력값!$B$58)*(1+입력값!$B$59)*(1-입력값!$B$60)/12))*입력값!$B$64
A71: 30 | B71: =(($A71*B$65*손익분기계산기!$B$54-손익분기계산기!$B$58-IF(입력값!$B$99="비례",MAX(0,($A71*손익분기계산기!$B$56+$A71*B$65*손익분기계산기!$B$57)-입력값!$B$96)/입력값!$B$98,ROUNDUP(MAX(0,($A71*손익분기계산기!$B$56+$A71*B$65*손익분기계산기!$B$57)-입력값!$B$96)/입력값!$B$98,0))*입력값!$B$100)-(MIN(MAX(0,($A71*B$65*손익분기계산기!$B$54-손익분기계산기!$B$58-IF(입력값!$B$99="비례",MAX(0,($A71*손익분기계산기!$B$56+$A71*B$65*손익분기계산기!$B$57)-입력값!$B$96)/입력값!$B$98,ROUNDUP(MAX(0,($A71*손익분기계산기!$B$56+$A71*B$65*손익분기계산기!$B$57)-입력값!$B$96)/입력값!$B$98,0))*입력값!$B$100)*12),입력값!$A$55)*입력값!$B$55+MAX(0,MIN(MAX(0,($A71*B$65*손익분기계산기!$B$54-손익분기계산기!$B$58-IF(입력값!$B$99="비례",MAX(0,($A71*손익분기계산기!$B$56+$A71*B$65*손익분기계산기!$B$57)-입력값!$B$96)/입력값!$B$98,ROUNDUP(MAX(0,($A71*손익분기계산기!$B$56+$A71*B$65*손익분기계산기!$B$57)-입력값!$B$96)/입력값!$B$98,0))*입력값!$B$100)*12),입력값!$A$56)-입력값!$A$55)*입력값!$B$56+MAX(0,MIN(MAX(0,($A71*B$65*손익분기계산기!$B$54-손익분기계산기!$B$58-IF(입력값!$B$99="비례",MAX(0,($A71*손익분기계산기!$B$56+$A71*B$65*손익분기계산기!$B$57)-입력값!$B$96)/입력값!$B$98,ROUNDUP(MAX(0,($A71*손익분기계산기!$B$56+$A71*B$65*손익분기계산기!$B$57)-입력값!$B$96)/입력값!$B$98,0))*입력값!$B$100)*12),입력값!$A$57)-입력값!$A$56)*입력값!$B$57+MAX(0,MAX(0,($A71*B$65*손익분기계산기!$B$54-손익분기계산기!$B$58-IF(입력값!$B$99="비례",MAX(0,($A71*손익분기계산기!$B$56+$A71*B$65*손익분기계산기!$B$57)-입력값!$B$96)/입력값!$B$98,ROUNDUP(MAX(0,($A71*손익분기계산기!$B$56+$A71*B$65*손익분기계산기!$B$57)-입력값!$B$96)/입력값!$B$98,0))*입력값!$B$100)*12)-입력값!$A$57)*입력값!$B$58)*(1+입력값!$B$59)*(1-입력값!$B$60)/12)-MAX(0,(($A71*B$65*손익분기계산기!$B$54-손익분기계산기!$B$58-IF(입력값!$B$99="비례",MAX(0,($A71*손익분기계산기!$B$56+$A71*B$65*손익분기계산기!$B$57)-입력값!$B$96)/입력값!$B$98,ROUNDUP(MAX(0,($A71*손익분기계산기!$B$56+$A71*B$65*손익분기계산기!$B$57)-입력값!$B$96)/입력값!$B$98,0))*입력값!$B$100)-(MIN(MAX(0,($A71*B$65*손익분기계산기!$B$54-손익분기계산기!$B$58-IF(입력값!$B$99="비례",MAX(0,($A71*손익분기계산기!$B$56+$A71*B$65*손익분기계산기!$B$57)-입력값!$B$96)/입력값!$B$98,ROUNDUP(MAX(0,($A71*손익분기계산기!$B$56+$A71*B$65*손익분기계산기!$B$57)-입력값!$B$96)/입력값!$B$98,0))*입력값!$B$100)*12),입력값!$A$55)*입력값!$B$55+MAX(0,MIN(MAX(0,($A71*B$65*손익분기계산기!$B$54-손익분기계산기!$B$58-IF(입력값!$B$99="비례",MAX(0,($A71*손익분기계산기!$B$56+$A71*B$65*손익분기계산기!$B$57)-입력값!$B$96)/입력값!$B$98,ROUNDUP(MAX(0,($A71*손익분기계산기!$B$56+$A71*B$65*손익분기계산기!$B$57)-입력값!$B$96)/입력값!$B$98,0))*입력값!$B$100)*12),입력값!$A$56)-입력값!$A$55)*입력값!$B$56+MAX(0,MIN(MAX(0,($A71*B$65*손익분기계산기!$B$54-손익분기계산기!$B$58-IF(입력값!$B$99="비례",MAX(0,($A71*손익분기계산기!$B$56+$A71*B$65*손익분기계산기!$B$57)-입력값!$B$96)/입력값!$B$98,ROUNDUP(MAX(0,($A71*손익분기계산기!$B$56+$A71*B$65*손익분기계산기!$B$57)-입력값!$B$96)/입력값!$B$98,0))*입력값!$B$100)*12),입력값!$A$57)-입력값!$A$56)*입력값!$B$57+MAX(0,MAX(0,($A71*B$65*손익분기계산기!$B$54-손익분기계산기!$B$58-IF(입력값!$B$99="비례",MAX(0,($A71*손익분기계산기!$B$56+$A71*B$65*손익분기계산기!$B$57)-입력값!$B$96)/입력값!$B$98,ROUNDUP(MAX(0,($A71*손익분기계산기!$B$56+$A71*B$65*손익분기계산기!$B$57)-입력값!$B$96)/입력값!$B$98,0))*입력값!$B$100)*12)-입력값!$A$57)*입력값!$B$58)*(1+입력값!$B$59)*(1-입력값!$B$60)/12))*입력값!$B$64 | C71: =(($A71*C$65*손익분기계산기!$B$54-손익분기계산기!$B$58-IF(입력값!$B$99="비례",MAX(0,($A71*손익분기계산기!$B$56+$A71*C$65*손익분기계산기!$B$57)-입력값!$B$96)/입력값!$B$98,ROUNDUP(MAX(0,($A71*손익분기계산기!$B$56+$A71*C$65*손익분기계산기!$B$57)-입력값!$B$96)/입력값!$B$98,0))*입력값!$B$100)-(MIN(MAX(0,($A71*C$65*손익분기계산기!$B$54-손익분기계산기!$B$58-IF(입력값!$B$99="비례",MAX(0,($A71*손익분기계산기!$B$56+$A71*C$65*손익분기계산기!$B$57)-입력값!$B$96)/입력값!$B$98,ROUNDUP(MAX(0,($A71*손익분기계산기!$B$56+$A71*C$65*손익분기계산기!$B$57)-입력값!$B$96)/입력값!$B$98,0))*입력값!$B$100)*12),입력값!$A$55)*입력값!$B$55+MAX(0,MIN(MAX(0,($A71*C$65*손익분기계산기!$B$54-손익분기계산기!$B$58-IF(입력값!$B$99="비례",MAX(0,($A71*손익분기계산기!$B$56+$A71*C$65*손익분기계산기!$B$57)-입력값!$B$96)/입력값!$B$98,ROUNDUP(MAX(0,($A71*손익분기계산기!$B$56+$A71*C$65*손익분기계산기!$B$57)-입력값!$B$96)/입력값!$B$98,0))*입력값!$B$100)*12),입력값!$A$56)-입력값!$A$55)*입력값!$B$56+MAX(0,MIN(MAX(0,($A71*C$65*손익분기계산기!$B$54-손익분기계산기!$B$58-IF(입력값!$B$99="비례",MAX(0,($A71*손익분기계산기!$B$56+$A71*C$65*손익분기계산기!$B$57)-입력값!$B$96)/입력값!$B$98,ROUNDUP(MAX(0,($A71*손익분기계산기!$B$56+$A71*C$65*손익분기계산기!$B$57)-입력값!$B$96)/입력값!$B$98,0))*입력값!$B$100)*12),입력값!$A$57)-입력값!$A$56)*입력값!$B$57+MAX(0,MAX(0,($A71*C$65*손익분기계산기!$B$54-손익분기계산기!$B$58-IF(입력값!$B$99="비례",MAX(0,($A71*손익분기계산기!$B$56+$A71*C$65*손익분기계산기!$B$57)-입력값!$B$96)/입력값!$B$98,ROUNDUP(MAX(0,($A71*손익분기계산기!$B$56+$A71*C$65*손익분기계산기!$B$57)-입력값!$B$96)/입력값!$B$98,0))*입력값!$B$100)*12)-입력값!$A$57)*입력값!$B$58)*(1+입력값!$B$59)*(1-입력값!$B$60)/12)-MAX(0,(($A71*C$65*손익분기계산기!$B$54-손익분기계산기!$B$58-IF(입력값!$B$99="비례",MAX(0,($A71*손익분기계산기!$B$56+$A71*C$65*손익분기계산기!$B$57)-입력값!$B$96)/입력값!$B$98,ROUNDUP(MAX(0,($A71*손익분기계산기!$B$56+$A71*C$65*손익분기계산기!$B$57)-입력값!$B$96)/입력값!$B$98,0))*입력값!$B$100)-(MIN(MAX(0,($A71*C$65*손익분기계산기!$B$54-손익분기계산기!$B$58-IF(입력값!$B$99="비례",MAX(0,($A71*손익분기계산기!$B$56+$A71*C$65*손익분기계산기!$B$57)-입력값!$B$96)/입력값!$B$98,ROUNDUP(MAX(0,($A71*손익분기계산기!$B$56+$A71*C$65*손익분기계산기!$B$57)-입력값!$B$96)/입력값!$B$98,0))*입력값!$B$100)*12),입력값!$A$55)*입력값!$B$55+MAX(0,MIN(MAX(0,($A71*C$65*손익분기계산기!$B$54-손익분기계산기!$B$58-IF(입력값!$B$99="비례",MAX(0,($A71*손익분기계산기!$B$56+$A71*C$65*손익분기계산기!$B$57)-입력값!$B$96)/입력값!$B$98,ROUNDUP(MAX(0,($A71*손익분기계산기!$B$56+$A71*C$65*손익분기계산기!$B$57)-입력값!$B$96)/입력값!$B$98,0))*입력값!$B$100)*12),입력값!$A$56)-입력값!$A$55)*입력값!$B$56+MAX(0,MIN(MAX(0,($A71*C$65*손익분기계산기!$B$54-손익분기계산기!$B$58-IF(입력값!$B$99="비례",MAX(0,($A71*손익분기계산기!$B$56+$A71*C$65*손익분기계산기!$B$57)-입력값!$B$96)/입력값!$B$98,ROUNDUP(MAX(0,($A71*손익분기계산기!$B$56+$A71*C$65*손익분기계산기!$B$57)-입력값!$B$96)/입력값!$B$98,0))*입력값!$B$100)*12),입력값!$A$57)-입력값!$A$56)*입력값!$B$57+MAX(0,MAX(0,($A71*C$65*손익분기계산기!$B$54-손익분기계산기!$B$58-IF(입력값!$B$99="비례",MAX(0,($A71*손익분기계산기!$B$56+$A71*C$65*손익분기계산기!$B$57)-입력값!$B$96)/입력값!$B$98,ROUNDUP(MAX(0,($A71*손익분기계산기!$B$56+$A71*C$65*손익분기계산기!$B$57)-입력값!$B$96)/입력값!$B$98,0))*입력값!$B$100)*12)-입력값!$A$57)*입력값!$B$58)*(1+입력값!$B$59)*(1-입력값!$B$60)/12))*입력값!$B$64 | D71: =(($A71*D$65*손익분기계산기!$B$54-손익분기계산기!$B$58-IF(입력값!$B$99="비례",MAX(0,($A71*손익분기계산기!$B$56+$A71*D$65*손익분기계산기!$B$57)-입력값!$B$96)/입력값!$B$98,ROUNDUP(MAX(0,($A71*손익분기계산기!$B$56+$A71*D$65*손익분기계산기!$B$57)-입력값!$B$96)/입력값!$B$98,0))*입력값!$B$100)-(MIN(MAX(0,($A71*D$65*손익분기계산기!$B$54-손익분기계산기!$B$58-IF(입력값!$B$99="비례",MAX(0,($A71*손익분기계산기!$B$56+$A71*D$65*손익분기계산기!$B$57)-입력값!$B$96)/입력값!$B$98,ROUNDUP(MAX(0,($A71*손익분기계산기!$B$56+$A71*D$65*손익분기계산기!$B$57)-입력값!$B$96)/입력값!$B$98,0))*입력값!$B$100)*12),입력값!$A$55)*입력값!$B$55+MAX(0,MIN(MAX(0,($A71*D$65*손익분기계산기!$B$54-손익분기계산기!$B$58-IF(입력값!$B$99="비례",MAX(0,($A71*손익분기계산기!$B$56+$A71*D$65*손익분기계산기!$B$57)-입력값!$B$96)/입력값!$B$98,ROUNDUP(MAX(0,($A71*손익분기계산기!$B$56+$A71*D$65*손익분기계산기!$B$57)-입력값!$B$96)/입력값!$B$98,0))*입력값!$B$100)*12),입력값!$A$56)-입력값!$A$55)*입력값!$B$56+MAX(0,MIN(MAX(0,($A71*D$65*손익분기계산기!$B$54-손익분기계산기!$B$58-IF(입력값!$B$99="비례",MAX(0,($A71*손익분기계산기!$B$56+$A71*D$65*손익분기계산기!$B$57)-입력값!$B$96)/입력값!$B$98,ROUNDUP(MAX(0,($A71*손익분기계산기!$B$56+$A71*D$65*손익분기계산기!$B$57)-입력값!$B$96)/입력값!$B$98,0))*입력값!$B$100)*12),입력값!$A$57)-입력값!$A$56)*입력값!$B$57+MAX(0,MAX(0,($A71*D$65*손익분기계산기!$B$54-손익분기계산기!$B$58-IF(입력값!$B$99="비례",MAX(0,($A71*손익분기계산기!$B$56+$A71*D$65*손익분기계산기!$B$57)-입력값!$B$96)/입력값!$B$98,ROUNDUP(MAX(0,($A71*손익분기계산기!$B$56+$A71*D$65*손익분기계산기!$B$57)-입력값!$B$96)/입력값!$B$98,0))*입력값!$B$100)*12)-입력값!$A$57)*입력값!$B$58)*(1+입력값!$B$59)*(1-입력값!$B$60)/12)-MAX(0,(($A71*D$65*손익분기계산기!$B$54-손익분기계산기!$B$58-IF(입력값!$B$99="비례",MAX(0,($A71*손익분기계산기!$B$56+$A71*D$65*손익분기계산기!$B$57)-입력값!$B$96)/입력값!$B$98,ROUNDUP(MAX(0,($A71*손익분기계산기!$B$56+$A71*D$65*손익분기계산기!$B$57)-입력값!$B$96)/입력값!$B$98,0))*입력값!$B$100)-(MIN(MAX(0,($A71*D$65*손익분기계산기!$B$54-손익분기계산기!$B$58-IF(입력값!$B$99="비례",MAX(0,($A71*손익분기계산기!$B$56+$A71*D$65*손익분기계산기!$B$57)-입력값!$B$96)/입력값!$B$98,ROUNDUP(MAX(0,($A71*손익분기계산기!$B$56+$A71*D$65*손익분기계산기!$B$57)-입력값!$B$96)/입력값!$B$98,0))*입력값!$B$100)*12),입력값!$A$55)*입력값!$B$55+MAX(0,MIN(MAX(0,($A71*D$65*손익분기계산기!$B$54-손익분기계산기!$B$58-IF(입력값!$B$99="비례",MAX(0,($A71*손익분기계산기!$B$56+$A71*D$65*손익분기계산기!$B$57)-입력값!$B$96)/입력값!$B$98,ROUNDUP(MAX(0,($A71*손익분기계산기!$B$56+$A71*D$65*손익분기계산기!$B$57)-입력값!$B$96)/입력값!$B$98,0))*입력값!$B$100)*12),입력값!$A$56)-입력값!$A$55)*입력값!$B$56+MAX(0,MIN(MAX(0,($A71*D$65*손익분기계산기!$B$54-손익분기계산기!$B$58-IF(입력값!$B$99="비례",MAX(0,($A71*손익분기계산기!$B$56+$A71*D$65*손익분기계산기!$B$57)-입력값!$B$96)/입력값!$B$98,ROUNDUP(MAX(0,($A71*손익분기계산기!$B$56+$A71*D$65*손익분기계산기!$B$57)-입력값!$B$96)/입력값!$B$98,0))*입력값!$B$100)*12),입력값!$A$57)-입력값!$A$56)*입력값!$B$57+MAX(0,MAX(0,($A71*D$65*손익분기계산기!$B$54-손익분기계산기!$B$58-IF(입력값!$B$99="비례",MAX(0,($A71*손익분기계산기!$B$56+$A71*D$65*손익분기계산기!$B$57)-입력값!$B$96)/입력값!$B$98,ROUNDUP(MAX(0,($A71*손익분기계산기!$B$56+$A71*D$65*손익분기계산기!$B$57)-입력값!$B$96)/입력값!$B$98,0))*입력값!$B$100)*12)-입력값!$A$57)*입력값!$B$58)*(1+입력값!$B$59)*(1-입력값!$B$60)/12))*입력값!$B$64 | E71: =(($A71*E$65*손익분기계산기!$B$54-손익분기계산기!$B$58-IF(입력값!$B$99="비례",MAX(0,($A71*손익분기계산기!$B$56+$A71*E$65*손익분기계산기!$B$57)-입력값!$B$96)/입력값!$B$98,ROUNDUP(MAX(0,($A71*손익분기계산기!$B$56+$A71*E$65*손익분기계산기!$B$57)-입력값!$B$96)/입력값!$B$98,0))*입력값!$B$100)-(MIN(MAX(0,($A71*E$65*손익분기계산기!$B$54-손익분기계산기!$B$58-IF(입력값!$B$99="비례",MAX(0,($A71*손익분기계산기!$B$56+$A71*E$65*손익분기계산기!$B$57)-입력값!$B$96)/입력값!$B$98,ROUNDUP(MAX(0,($A71*손익분기계산기!$B$56+$A71*E$65*손익분기계산기!$B$57)-입력값!$B$96)/입력값!$B$98,0))*입력값!$B$100)*12),입력값!$A$55)*입력값!$B$55+MAX(0,MIN(MAX(0,($A71*E$65*손익분기계산기!$B$54-손익분기계산기!$B$58-IF(입력값!$B$99="비례",MAX(0,($A71*손익분기계산기!$B$56+$A71*E$65*손익분기계산기!$B$57)-입력값!$B$96)/입력값!$B$98,ROUNDUP(MAX(0,($A71*손익분기계산기!$B$56+$A71*E$65*손익분기계산기!$B$57)-입력값!$B$96)/입력값!$B$98,0))*입력값!$B$100)*12),입력값!$A$56)-입력값!$A$55)*입력값!$B$56+MAX(0,MIN(MAX(0,($A71*E$65*손익분기계산기!$B$54-손익분기계산기!$B$58-IF(입력값!$B$99="비례",MAX(0,($A71*손익분기계산기!$B$56+$A71*E$65*손익분기계산기!$B$57)-입력값!$B$96)/입력값!$B$98,ROUNDUP(MAX(0,($A71*손익분기계산기!$B$56+$A71*E$65*손익분기계산기!$B$57)-입력값!$B$96)/입력값!$B$98,0))*입력값!$B$100)*12),입력값!$A$57)-입력값!$A$56)*입력값!$B$57+MAX(0,MAX(0,($A71*E$65*손익분기계산기!$B$54-손익분기계산기!$B$58-IF(입력값!$B$99="비례",MAX(0,($A71*손익분기계산기!$B$56+$A71*E$65*손익분기계산기!$B$57)-입력값!$B$96)/입력값!$B$98,ROUNDUP(MAX(0,($A71*손익분기계산기!$B$56+$A71*E$65*손익분기계산기!$B$57)-입력값!$B$96)/입력값!$B$98,0))*입력값!$B$100)*12)-입력값!$A$57)*입력값!$B$58)*(1+입력값!$B$59)*(1-입력값!$B$60)/12)-MAX(0,(($A71*E$65*손익분기계산기!$B$54-손익분기계산기!$B$58-IF(입력값!$B$99="비례",MAX(0,($A71*손익분기계산기!$B$56+$A71*E$65*손익분기계산기!$B$57)-입력값!$B$96)/입력값!$B$98,ROUNDUP(MAX(0,($A71*손익분기계산기!$B$56+$A71*E$65*손익분기계산기!$B$57)-입력값!$B$96)/입력값!$B$98,0))*입력값!$B$100)-(MIN(MAX(0,($A71*E$65*손익분기계산기!$B$54-손익분기계산기!$B$58-IF(입력값!$B$99="비례",MAX(0,($A71*손익분기계산기!$B$56+$A71*E$65*손익분기계산기!$B$57)-입력값!$B$96)/입력값!$B$98,ROUNDUP(MAX(0,($A71*손익분기계산기!$B$56+$A71*E$65*손익분기계산기!$B$57)-입력값!$B$96)/입력값!$B$98,0))*입력값!$B$100)*12),입력값!$A$55)*입력값!$B$55+MAX(0,MIN(MAX(0,($A71*E$65*손익분기계산기!$B$54-손익분기계산기!$B$58-IF(입력값!$B$99="비례",MAX(0,($A71*손익분기계산기!$B$56+$A71*E$65*손익분기계산기!$B$57)-입력값!$B$96)/입력값!$B$98,ROUNDUP(MAX(0,($A71*손익분기계산기!$B$56+$A71*E$65*손익분기계산기!$B$57)-입력값!$B$96)/입력값!$B$98,0))*입력값!$B$100)*12),입력값!$A$56)-입력값!$A$55)*입력값!$B$56+MAX(0,MIN(MAX(0,($A71*E$65*손익분기계산기!$B$54-손익분기계산기!$B$58-IF(입력값!$B$99="비례",MAX(0,($A71*손익분기계산기!$B$56+$A71*E$65*손익분기계산기!$B$57)-입력값!$B$96)/입력값!$B$98,ROUNDUP(MAX(0,($A71*손익분기계산기!$B$56+$A71*E$65*손익분기계산기!$B$57)-입력값!$B$96)/입력값!$B$98,0))*입력값!$B$100)*12),입력값!$A$57)-입력값!$A$56)*입력값!$B$57+MAX(0,MAX(0,($A71*E$65*손익분기계산기!$B$54-손익분기계산기!$B$58-IF(입력값!$B$99="비례",MAX(0,($A71*손익분기계산기!$B$56+$A71*E$65*손익분기계산기!$B$57)-입력값!$B$96)/입력값!$B$98,ROUNDUP(MAX(0,($A71*손익분기계산기!$B$56+$A71*E$65*손익분기계산기!$B$57)-입력값!$B$96)/입력값!$B$98,0))*입력값!$B$100)*12)-입력값!$A$57)*입력값!$B$58)*(1+입력값!$B$59)*(1-입력값!$B$60)/12))*입력값!$B$64 | F71: =(($A71*F$65*손익분기계산기!$B$54-손익분기계산기!$B$58-IF(입력값!$B$99="비례",MAX(0,($A71*손익분기계산기!$B$56+$A71*F$65*손익분기계산기!$B$57)-입력값!$B$96)/입력값!$B$98,ROUNDUP(MAX(0,($A71*손익분기계산기!$B$56+$A71*F$65*손익분기계산기!$B$57)-입력값!$B$96)/입력값!$B$98,0))*입력값!$B$100)-(MIN(MAX(0,($A71*F$65*손익분기계산기!$B$54-손익분기계산기!$B$58-IF(입력값!$B$99="비례",MAX(0,($A71*손익분기계산기!$B$56+$A71*F$65*손익분기계산기!$B$57)-입력값!$B$96)/입력값!$B$98,ROUNDUP(MAX(0,($A71*손익분기계산기!$B$56+$A71*F$65*손익분기계산기!$B$57)-입력값!$B$96)/입력값!$B$98,0))*입력값!$B$100)*12),입력값!$A$55)*입력값!$B$55+MAX(0,MIN(MAX(0,($A71*F$65*손익분기계산기!$B$54-손익분기계산기!$B$58-IF(입력값!$B$99="비례",MAX(0,($A71*손익분기계산기!$B$56+$A71*F$65*손익분기계산기!$B$57)-입력값!$B$96)/입력값!$B$98,ROUNDUP(MAX(0,($A71*손익분기계산기!$B$56+$A71*F$65*손익분기계산기!$B$57)-입력값!$B$96)/입력값!$B$98,0))*입력값!$B$100)*12),입력값!$A$56)-입력값!$A$55)*입력값!$B$56+MAX(0,MIN(MAX(0,($A71*F$65*손익분기계산기!$B$54-손익분기계산기!$B$58-IF(입력값!$B$99="비례",MAX(0,($A71*손익분기계산기!$B$56+$A71*F$65*손익분기계산기!$B$57)-입력값!$B$96)/입력값!$B$98,ROUNDUP(MAX(0,($A71*손익분기계산기!$B$56+$A71*F$65*손익분기계산기!$B$57)-입력값!$B$96)/입력값!$B$98,0))*입력값!$B$100)*12),입력값!$A$57)-입력값!$A$56)*입력값!$B$57+MAX(0,MAX(0,($A71*F$65*손익분기계산기!$B$54-손익분기계산기!$B$58-IF(입력값!$B$99="비례",MAX(0,($A71*손익분기계산기!$B$56+$A71*F$65*손익분기계산기!$B$57)-입력값!$B$96)/입력값!$B$98,ROUNDUP(MAX(0,($A71*손익분기계산기!$B$56+$A71*F$65*손익분기계산기!$B$57)-입력값!$B$96)/입력값!$B$98,0))*입력값!$B$100)*12)-입력값!$A$57)*입력값!$B$58)*(1+입력값!$B$59)*(1-입력값!$B$60)/12)-MAX(0,(($A71*F$65*손익분기계산기!$B$54-손익분기계산기!$B$58-IF(입력값!$B$99="비례",MAX(0,($A71*손익분기계산기!$B$56+$A71*F$65*손익분기계산기!$B$57)-입력값!$B$96)/입력값!$B$98,ROUNDUP(MAX(0,($A71*손익분기계산기!$B$56+$A71*F$65*손익분기계산기!$B$57)-입력값!$B$96)/입력값!$B$98,0))*입력값!$B$100)-(MIN(MAX(0,($A71*F$65*손익분기계산기!$B$54-손익분기계산기!$B$58-IF(입력값!$B$99="비례",MAX(0,($A71*손익분기계산기!$B$56+$A71*F$65*손익분기계산기!$B$57)-입력값!$B$96)/입력값!$B$98,ROUNDUP(MAX(0,($A71*손익분기계산기!$B$56+$A71*F$65*손익분기계산기!$B$57)-입력값!$B$96)/입력값!$B$98,0))*입력값!$B$100)*12),입력값!$A$55)*입력값!$B$55+MAX(0,MIN(MAX(0,($A71*F$65*손익분기계산기!$B$54-손익분기계산기!$B$58-IF(입력값!$B$99="비례",MAX(0,($A71*손익분기계산기!$B$56+$A71*F$65*손익분기계산기!$B$57)-입력값!$B$96)/입력값!$B$98,ROUNDUP(MAX(0,($A71*손익분기계산기!$B$56+$A71*F$65*손익분기계산기!$B$57)-입력값!$B$96)/입력값!$B$98,0))*입력값!$B$100)*12),입력값!$A$56)-입력값!$A$55)*입력값!$B$56+MAX(0,MIN(MAX(0,($A71*F$65*손익분기계산기!$B$54-손익분기계산기!$B$58-IF(입력값!$B$99="비례",MAX(0,($A71*손익분기계산기!$B$56+$A71*F$65*손익분기계산기!$B$57)-입력값!$B$96)/입력값!$B$98,ROUNDUP(MAX(0,($A71*손익분기계산기!$B$56+$A71*F$65*손익분기계산기!$B$57)-입력값!$B$96)/입력값!$B$98,0))*입력값!$B$100)*12),입력값!$A$57)-입력값!$A$56)*입력값!$B$57+MAX(0,MAX(0,($A71*F$65*손익분기계산기!$B$54-손익분기계산기!$B$58-IF(입력값!$B$99="비례",MAX(0,($A71*손익분기계산기!$B$56+$A71*F$65*손익분기계산기!$B$57)-입력값!$B$96)/입력값!$B$98,ROUNDUP(MAX(0,($A71*손익분기계산기!$B$56+$A71*F$65*손익분기계산기!$B$57)-입력값!$B$96)/입력값!$B$98,0))*입력값!$B$100)*12)-입력값!$A$57)*입력값!$B$58)*(1+입력값!$B$59)*(1-입력값!$B$60)/12))*입력값!$B$64 | G71: =(($A71*G$65*손익분기계산기!$B$54-손익분기계산기!$B$58-IF(입력값!$B$99="비례",MAX(0,($A71*손익분기계산기!$B$56+$A71*G$65*손익분기계산기!$B$57)-입력값!$B$96)/입력값!$B$98,ROUNDUP(MAX(0,($A71*손익분기계산기!$B$56+$A71*G$65*손익분기계산기!$B$57)-입력값!$B$96)/입력값!$B$98,0))*입력값!$B$100)-(MIN(MAX(0,($A71*G$65*손익분기계산기!$B$54-손익분기계산기!$B$58-IF(입력값!$B$99="비례",MAX(0,($A71*손익분기계산기!$B$56+$A71*G$65*손익분기계산기!$B$57)-입력값!$B$96)/입력값!$B$98,ROUNDUP(MAX(0,($A71*손익분기계산기!$B$56+$A71*G$65*손익분기계산기!$B$57)-입력값!$B$96)/입력값!$B$98,0))*입력값!$B$100)*12),입력값!$A$55)*입력값!$B$55+MAX(0,MIN(MAX(0,($A71*G$65*손익분기계산기!$B$54-손익분기계산기!$B$58-IF(입력값!$B$99="비례",MAX(0,($A71*손익분기계산기!$B$56+$A71*G$65*손익분기계산기!$B$57)-입력값!$B$96)/입력값!$B$98,ROUNDUP(MAX(0,($A71*손익분기계산기!$B$56+$A71*G$65*손익분기계산기!$B$57)-입력값!$B$96)/입력값!$B$98,0))*입력값!$B$100)*12),입력값!$A$56)-입력값!$A$55)*입력값!$B$56+MAX(0,MIN(MAX(0,($A71*G$65*손익분기계산기!$B$54-손익분기계산기!$B$58-IF(입력값!$B$99="비례",MAX(0,($A71*손익분기계산기!$B$56+$A71*G$65*손익분기계산기!$B$57)-입력값!$B$96)/입력값!$B$98,ROUNDUP(MAX(0,($A71*손익분기계산기!$B$56+$A71*G$65*손익분기계산기!$B$57)-입력값!$B$96)/입력값!$B$98,0))*입력값!$B$100)*12),입력값!$A$57)-입력값!$A$56)*입력값!$B$57+MAX(0,MAX(0,($A71*G$65*손익분기계산기!$B$54-손익분기계산기!$B$58-IF(입력값!$B$99="비례",MAX(0,($A71*손익분기계산기!$B$56+$A71*G$65*손익분기계산기!$B$57)-입력값!$B$96)/입력값!$B$98,ROUNDUP(MAX(0,($A71*손익분기계산기!$B$56+$A71*G$65*손익분기계산기!$B$57)-입력값!$B$96)/입력값!$B$98,0))*입력값!$B$100)*12)-입력값!$A$57)*입력값!$B$58)*(1+입력값!$B$59)*(1-입력값!$B$60)/12)-MAX(0,(($A71*G$65*손익분기계산기!$B$54-손익분기계산기!$B$58-IF(입력값!$B$99="비례",MAX(0,($A71*손익분기계산기!$B$56+$A71*G$65*손익분기계산기!$B$57)-입력값!$B$96)/입력값!$B$98,ROUNDUP(MAX(0,($A71*손익분기계산기!$B$56+$A71*G$65*손익분기계산기!$B$57)-입력값!$B$96)/입력값!$B$98,0))*입력값!$B$100)-(MIN(MAX(0,($A71*G$65*손익분기계산기!$B$54-손익분기계산기!$B$58-IF(입력값!$B$99="비례",MAX(0,($A71*손익분기계산기!$B$56+$A71*G$65*손익분기계산기!$B$57)-입력값!$B$96)/입력값!$B$98,ROUNDUP(MAX(0,($A71*손익분기계산기!$B$56+$A71*G$65*손익분기계산기!$B$57)-입력값!$B$96)/입력값!$B$98,0))*입력값!$B$100)*12),입력값!$A$55)*입력값!$B$55+MAX(0,MIN(MAX(0,($A71*G$65*손익분기계산기!$B$54-손익분기계산기!$B$58-IF(입력값!$B$99="비례",MAX(0,($A71*손익분기계산기!$B$56+$A71*G$65*손익분기계산기!$B$57)-입력값!$B$96)/입력값!$B$98,ROUNDUP(MAX(0,($A71*손익분기계산기!$B$56+$A71*G$65*손익분기계산기!$B$57)-입력값!$B$96)/입력값!$B$98,0))*입력값!$B$100)*12),입력값!$A$56)-입력값!$A$55)*입력값!$B$56+MAX(0,MIN(MAX(0,($A71*G$65*손익분기계산기!$B$54-손익분기계산기!$B$58-IF(입력값!$B$99="비례",MAX(0,($A71*손익분기계산기!$B$56+$A71*G$65*손익분기계산기!$B$57)-입력값!$B$96)/입력값!$B$98,ROUNDUP(MAX(0,($A71*손익분기계산기!$B$56+$A71*G$65*손익분기계산기!$B$57)-입력값!$B$96)/입력값!$B$98,0))*입력값!$B$100)*12),입력값!$A$57)-입력값!$A$56)*입력값!$B$57+MAX(0,MAX(0,($A71*G$65*손익분기계산기!$B$54-손익분기계산기!$B$58-IF(입력값!$B$99="비례",MAX(0,($A71*손익분기계산기!$B$56+$A71*G$65*손익분기계산기!$B$57)-입력값!$B$96)/입력값!$B$98,ROUNDUP(MAX(0,($A71*손익분기계산기!$B$56+$A71*G$65*손익분기계산기!$B$57)-입력값!$B$96)/입력값!$B$98,0))*입력값!$B$100)*12)-입력값!$A$57)*입력값!$B$58)*(1+입력값!$B$59)*(1-입력값!$B$60)/12))*입력값!$B$64 | H71: =(($A71*H$65*손익분기계산기!$B$54-손익분기계산기!$B$58-IF(입력값!$B$99="비례",MAX(0,($A71*손익분기계산기!$B$56+$A71*H$65*손익분기계산기!$B$57)-입력값!$B$96)/입력값!$B$98,ROUNDUP(MAX(0,($A71*손익분기계산기!$B$56+$A71*H$65*손익분기계산기!$B$57)-입력값!$B$96)/입력값!$B$98,0))*입력값!$B$100)-(MIN(MAX(0,($A71*H$65*손익분기계산기!$B$54-손익분기계산기!$B$58-IF(입력값!$B$99="비례",MAX(0,($A71*손익분기계산기!$B$56+$A71*H$65*손익분기계산기!$B$57)-입력값!$B$96)/입력값!$B$98,ROUNDUP(MAX(0,($A71*손익분기계산기!$B$56+$A71*H$65*손익분기계산기!$B$57)-입력값!$B$96)/입력값!$B$98,0))*입력값!$B$100)*12),입력값!$A$55)*입력값!$B$55+MAX(0,MIN(MAX(0,($A71*H$65*손익분기계산기!$B$54-손익분기계산기!$B$58-IF(입력값!$B$99="비례",MAX(0,($A71*손익분기계산기!$B$56+$A71*H$65*손익분기계산기!$B$57)-입력값!$B$96)/입력값!$B$98,ROUNDUP(MAX(0,($A71*손익분기계산기!$B$56+$A71*H$65*손익분기계산기!$B$57)-입력값!$B$96)/입력값!$B$98,0))*입력값!$B$100)*12),입력값!$A$56)-입력값!$A$55)*입력값!$B$56+MAX(0,MIN(MAX(0,($A71*H$65*손익분기계산기!$B$54-손익분기계산기!$B$58-IF(입력값!$B$99="비례",MAX(0,($A71*손익분기계산기!$B$56+$A71*H$65*손익분기계산기!$B$57)-입력값!$B$96)/입력값!$B$98,ROUNDUP(MAX(0,($A71*손익분기계산기!$B$56+$A71*H$65*손익분기계산기!$B$57)-입력값!$B$96)/입력값!$B$98,0))*입력값!$B$100)*12),입력값!$A$57)-입력값!$A$56)*입력값!$B$57+MAX(0,MAX(0,($A71*H$65*손익분기계산기!$B$54-손익분기계산기!$B$58-IF(입력값!$B$99="비례",MAX(0,($A71*손익분기계산기!$B$56+$A71*H$65*손익분기계산기!$B$57)-입력값!$B$96)/입력값!$B$98,ROUNDUP(MAX(0,($A71*손익분기계산기!$B$56+$A71*H$65*손익분기계산기!$B$57)-입력값!$B$96)/입력값!$B$98,0))*입력값!$B$100)*12)-입력값!$A$57)*입력값!$B$58)*(1+입력값!$B$59)*(1-입력값!$B$60)/12)-MAX(0,(($A71*H$65*손익분기계산기!$B$54-손익분기계산기!$B$58-IF(입력값!$B$99="비례",MAX(0,($A71*손익분기계산기!$B$56+$A71*H$65*손익분기계산기!$B$57)-입력값!$B$96)/입력값!$B$98,ROUNDUP(MAX(0,($A71*손익분기계산기!$B$56+$A71*H$65*손익분기계산기!$B$57)-입력값!$B$96)/입력값!$B$98,0))*입력값!$B$100)-(MIN(MAX(0,($A71*H$65*손익분기계산기!$B$54-손익분기계산기!$B$58-IF(입력값!$B$99="비례",MAX(0,($A71*손익분기계산기!$B$56+$A71*H$65*손익분기계산기!$B$57)-입력값!$B$96)/입력값!$B$98,ROUNDUP(MAX(0,($A71*손익분기계산기!$B$56+$A71*H$65*손익분기계산기!$B$57)-입력값!$B$96)/입력값!$B$98,0))*입력값!$B$100)*12),입력값!$A$55)*입력값!$B$55+MAX(0,MIN(MAX(0,($A71*H$65*손익분기계산기!$B$54-손익분기계산기!$B$58-IF(입력값!$B$99="비례",MAX(0,($A71*손익분기계산기!$B$56+$A71*H$65*손익분기계산기!$B$57)-입력값!$B$96)/입력값!$B$98,ROUNDUP(MAX(0,($A71*손익분기계산기!$B$56+$A71*H$65*손익분기계산기!$B$57)-입력값!$B$96)/입력값!$B$98,0))*입력값!$B$100)*12),입력값!$A$56)-입력값!$A$55)*입력값!$B$56+MAX(0,MIN(MAX(0,($A71*H$65*손익분기계산기!$B$54-손익분기계산기!$B$58-IF(입력값!$B$99="비례",MAX(0,($A71*손익분기계산기!$B$56+$A71*H$65*손익분기계산기!$B$57)-입력값!$B$96)/입력값!$B$98,ROUNDUP(MAX(0,($A71*손익분기계산기!$B$56+$A71*H$65*손익분기계산기!$B$57)-입력값!$B$96)/입력값!$B$98,0))*입력값!$B$100)*12),입력값!$A$57)-입력값!$A$56)*입력값!$B$57+MAX(0,MAX(0,($A71*H$65*손익분기계산기!$B$54-손익분기계산기!$B$58-IF(입력값!$B$99="비례",MAX(0,($A71*손익분기계산기!$B$56+$A71*H$65*손익분기계산기!$B$57)-입력값!$B$96)/입력값!$B$98,ROUNDUP(MAX(0,($A71*손익분기계산기!$B$56+$A71*H$65*손익분기계산기!$B$57)-입력값!$B$96)/입력값!$B$98,0))*입력값!$B$100)*12)-입력값!$A$57)*입력값!$B$58)*(1+입력값!$B$59)*(1-입력값!$B$60)/12))*입력값!$B$64 | I71: =(($A71*I$65*손익분기계산기!$B$54-손익분기계산기!$B$58-IF(입력값!$B$99="비례",MAX(0,($A71*손익분기계산기!$B$56+$A71*I$65*손익분기계산기!$B$57)-입력값!$B$96)/입력값!$B$98,ROUNDUP(MAX(0,($A71*손익분기계산기!$B$56+$A71*I$65*손익분기계산기!$B$57)-입력값!$B$96)/입력값!$B$98,0))*입력값!$B$100)-(MIN(MAX(0,($A71*I$65*손익분기계산기!$B$54-손익분기계산기!$B$58-IF(입력값!$B$99="비례",MAX(0,($A71*손익분기계산기!$B$56+$A71*I$65*손익분기계산기!$B$57)-입력값!$B$96)/입력값!$B$98,ROUNDUP(MAX(0,($A71*손익분기계산기!$B$56+$A71*I$65*손익분기계산기!$B$57)-입력값!$B$96)/입력값!$B$98,0))*입력값!$B$100)*12),입력값!$A$55)*입력값!$B$55+MAX(0,MIN(MAX(0,($A71*I$65*손익분기계산기!$B$54-손익분기계산기!$B$58-IF(입력값!$B$99="비례",MAX(0,($A71*손익분기계산기!$B$56+$A71*I$65*손익분기계산기!$B$57)-입력값!$B$96)/입력값!$B$98,ROUNDUP(MAX(0,($A71*손익분기계산기!$B$56+$A71*I$65*손익분기계산기!$B$57)-입력값!$B$96)/입력값!$B$98,0))*입력값!$B$100)*12),입력값!$A$56)-입력값!$A$55)*입력값!$B$56+MAX(0,MIN(MAX(0,($A71*I$65*손익분기계산기!$B$54-손익분기계산기!$B$58-IF(입력값!$B$99="비례",MAX(0,($A71*손익분기계산기!$B$56+$A71*I$65*손익분기계산기!$B$57)-입력값!$B$96)/입력값!$B$98,ROUNDUP(MAX(0,($A71*손익분기계산기!$B$56+$A71*I$65*손익분기계산기!$B$57)-입력값!$B$96)/입력값!$B$98,0))*입력값!$B$100)*12),입력값!$A$57)-입력값!$A$56)*입력값!$B$57+MAX(0,MAX(0,($A71*I$65*손익분기계산기!$B$54-손익분기계산기!$B$58-IF(입력값!$B$99="비례",MAX(0,($A71*손익분기계산기!$B$56+$A71*I$65*손익분기계산기!$B$57)-입력값!$B$96)/입력값!$B$98,ROUNDUP(MAX(0,($A71*손익분기계산기!$B$56+$A71*I$65*손익분기계산기!$B$57)-입력값!$B$96)/입력값!$B$98,0))*입력값!$B$100)*12)-입력값!$A$57)*입력값!$B$58)*(1+입력값!$B$59)*(1-입력값!$B$60)/12)-MAX(0,(($A71*I$65*손익분기계산기!$B$54-손익분기계산기!$B$58-IF(입력값!$B$99="비례",MAX(0,($A71*손익분기계산기!$B$56+$A71*I$65*손익분기계산기!$B$57)-입력값!$B$96)/입력값!$B$98,ROUNDUP(MAX(0,($A71*손익분기계산기!$B$56+$A71*I$65*손익분기계산기!$B$57)-입력값!$B$96)/입력값!$B$98,0))*입력값!$B$100)-(MIN(MAX(0,($A71*I$65*손익분기계산기!$B$54-손익분기계산기!$B$58-IF(입력값!$B$99="비례",MAX(0,($A71*손익분기계산기!$B$56+$A71*I$65*손익분기계산기!$B$57)-입력값!$B$96)/입력값!$B$98,ROUNDUP(MAX(0,($A71*손익분기계산기!$B$56+$A71*I$65*손익분기계산기!$B$57)-입력값!$B$96)/입력값!$B$98,0))*입력값!$B$100)*12),입력값!$A$55)*입력값!$B$55+MAX(0,MIN(MAX(0,($A71*I$65*손익분기계산기!$B$54-손익분기계산기!$B$58-IF(입력값!$B$99="비례",MAX(0,($A71*손익분기계산기!$B$56+$A71*I$65*손익분기계산기!$B$57)-입력값!$B$96)/입력값!$B$98,ROUNDUP(MAX(0,($A71*손익분기계산기!$B$56+$A71*I$65*손익분기계산기!$B$57)-입력값!$B$96)/입력값!$B$98,0))*입력값!$B$100)*12),입력값!$A$56)-입력값!$A$55)*입력값!$B$56+MAX(0,MIN(MAX(0,($A71*I$65*손익분기계산기!$B$54-손익분기계산기!$B$58-IF(입력값!$B$99="비례",MAX(0,($A71*손익분기계산기!$B$56+$A71*I$65*손익분기계산기!$B$57)-입력값!$B$96)/입력값!$B$98,ROUNDUP(MAX(0,($A71*손익분기계산기!$B$56+$A71*I$65*손익분기계산기!$B$57)-입력값!$B$96)/입력값!$B$98,0))*입력값!$B$100)*12),입력값!$A$57)-입력값!$A$56)*입력값!$B$57+MAX(0,MAX(0,($A71*I$65*손익분기계산기!$B$54-손익분기계산기!$B$58-IF(입력값!$B$99="비례",MAX(0,($A71*손익분기계산기!$B$56+$A71*I$65*손익분기계산기!$B$57)-입력값!$B$96)/입력값!$B$98,ROUNDUP(MAX(0,($A71*손익분기계산기!$B$56+$A71*I$65*손익분기계산기!$B$57)-입력값!$B$96)/입력값!$B$98,0))*입력값!$B$100)*12)-입력값!$A$57)*입력값!$B$58)*(1+입력값!$B$59)*(1-입력값!$B$60)/12))*입력값!$B$64
A72: 40 | B72: =(($A72*B$65*손익분기계산기!$B$54-손익분기계산기!$B$58-IF(입력값!$B$99="비례",MAX(0,($A72*손익분기계산기!$B$56+$A72*B$65*손익분기계산기!$B$57)-입력값!$B$96)/입력값!$B$98,ROUNDUP(MAX(0,($A72*손익분기계산기!$B$56+$A72*B$65*손익분기계산기!$B$57)-입력값!$B$96)/입력값!$B$98,0))*입력값!$B$100)-(MIN(MAX(0,($A72*B$65*손익분기계산기!$B$54-손익분기계산기!$B$58-IF(입력값!$B$99="비례",MAX(0,($A72*손익분기계산기!$B$56+$A72*B$65*손익분기계산기!$B$57)-입력값!$B$96)/입력값!$B$98,ROUNDUP(MAX(0,($A72*손익분기계산기!$B$56+$A72*B$65*손익분기계산기!$B$57)-입력값!$B$96)/입력값!$B$98,0))*입력값!$B$100)*12),입력값!$A$55)*입력값!$B$55+MAX(0,MIN(MAX(0,($A72*B$65*손익분기계산기!$B$54-손익분기계산기!$B$58-IF(입력값!$B$99="비례",MAX(0,($A72*손익분기계산기!$B$56+$A72*B$65*손익분기계산기!$B$57)-입력값!$B$96)/입력값!$B$98,ROUNDUP(MAX(0,($A72*손익분기계산기!$B$56+$A72*B$65*손익분기계산기!$B$57)-입력값!$B$96)/입력값!$B$98,0))*입력값!$B$100)*12),입력값!$A$56)-입력값!$A$55)*입력값!$B$56+MAX(0,MIN(MAX(0,($A72*B$65*손익분기계산기!$B$54-손익분기계산기!$B$58-IF(입력값!$B$99="비례",MAX(0,($A72*손익분기계산기!$B$56+$A72*B$65*손익분기계산기!$B$57)-입력값!$B$96)/입력값!$B$98,ROUNDUP(MAX(0,($A72*손익분기계산기!$B$56+$A72*B$65*손익분기계산기!$B$57)-입력값!$B$96)/입력값!$B$98,0))*입력값!$B$100)*12),입력값!$A$57)-입력값!$A$56)*입력값!$B$57+MAX(0,MAX(0,($A72*B$65*손익분기계산기!$B$54-손익분기계산기!$B$58-IF(입력값!$B$99="비례",MAX(0,($A72*손익분기계산기!$B$56+$A72*B$65*손익분기계산기!$B$57)-입력값!$B$96)/입력값!$B$98,ROUNDUP(MAX(0,($A72*손익분기계산기!$B$56+$A72*B$65*손익분기계산기!$B$57)-입력값!$B$96)/입력값!$B$98,0))*입력값!$B$100)*12)-입력값!$A$57)*입력값!$B$58)*(1+입력값!$B$59)*(1-입력값!$B$60)/12)-MAX(0,(($A72*B$65*손익분기계산기!$B$54-손익분기계산기!$B$58-IF(입력값!$B$99="비례",MAX(0,($A72*손익분기계산기!$B$56+$A72*B$65*손익분기계산기!$B$57)-입력값!$B$96)/입력값!$B$98,ROUNDUP(MAX(0,($A72*손익분기계산기!$B$56+$A72*B$65*손익분기계산기!$B$57)-입력값!$B$96)/입력값!$B$98,0))*입력값!$B$100)-(MIN(MAX(0,($A72*B$65*손익분기계산기!$B$54-손익분기계산기!$B$58-IF(입력값!$B$99="비례",MAX(0,($A72*손익분기계산기!$B$56+$A72*B$65*손익분기계산기!$B$57)-입력값!$B$96)/입력값!$B$98,ROUNDUP(MAX(0,($A72*손익분기계산기!$B$56+$A72*B$65*손익분기계산기!$B$57)-입력값!$B$96)/입력값!$B$98,0))*입력값!$B$100)*12),입력값!$A$55)*입력값!$B$55+MAX(0,MIN(MAX(0,($A72*B$65*손익분기계산기!$B$54-손익분기계산기!$B$58-IF(입력값!$B$99="비례",MAX(0,($A72*손익분기계산기!$B$56+$A72*B$65*손익분기계산기!$B$57)-입력값!$B$96)/입력값!$B$98,ROUNDUP(MAX(0,($A72*손익분기계산기!$B$56+$A72*B$65*손익분기계산기!$B$57)-입력값!$B$96)/입력값!$B$98,0))*입력값!$B$100)*12),입력값!$A$56)-입력값!$A$55)*입력값!$B$56+MAX(0,MIN(MAX(0,($A72*B$65*손익분기계산기!$B$54-손익분기계산기!$B$58-IF(입력값!$B$99="비례",MAX(0,($A72*손익분기계산기!$B$56+$A72*B$65*손익분기계산기!$B$57)-입력값!$B$96)/입력값!$B$98,ROUNDUP(MAX(0,($A72*손익분기계산기!$B$56+$A72*B$65*손익분기계산기!$B$57)-입력값!$B$96)/입력값!$B$98,0))*입력값!$B$100)*12),입력값!$A$57)-입력값!$A$56)*입력값!$B$57+MAX(0,MAX(0,($A72*B$65*손익분기계산기!$B$54-손익분기계산기!$B$58-IF(입력값!$B$99="비례",MAX(0,($A72*손익분기계산기!$B$56+$A72*B$65*손익분기계산기!$B$57)-입력값!$B$96)/입력값!$B$98,ROUNDUP(MAX(0,($A72*손익분기계산기!$B$56+$A72*B$65*손익분기계산기!$B$57)-입력값!$B$96)/입력값!$B$98,0))*입력값!$B$100)*12)-입력값!$A$57)*입력값!$B$58)*(1+입력값!$B$59)*(1-입력값!$B$60)/12))*입력값!$B$64 | C72: =(($A72*C$65*손익분기계산기!$B$54-손익분기계산기!$B$58-IF(입력값!$B$99="비례",MAX(0,($A72*손익분기계산기!$B$56+$A72*C$65*손익분기계산기!$B$57)-입력값!$B$96)/입력값!$B$98,ROUNDUP(MAX(0,($A72*손익분기계산기!$B$56+$A72*C$65*손익분기계산기!$B$57)-입력값!$B$96)/입력값!$B$98,0))*입력값!$B$100)-(MIN(MAX(0,($A72*C$65*손익분기계산기!$B$54-손익분기계산기!$B$58-IF(입력값!$B$99="비례",MAX(0,($A72*손익분기계산기!$B$56+$A72*C$65*손익분기계산기!$B$57)-입력값!$B$96)/입력값!$B$98,ROUNDUP(MAX(0,($A72*손익분기계산기!$B$56+$A72*C$65*손익분기계산기!$B$57)-입력값!$B$96)/입력값!$B$98,0))*입력값!$B$100)*12),입력값!$A$55)*입력값!$B$55+MAX(0,MIN(MAX(0,($A72*C$65*손익분기계산기!$B$54-손익분기계산기!$B$58-IF(입력값!$B$99="비례",MAX(0,($A72*손익분기계산기!$B$56+$A72*C$65*손익분기계산기!$B$57)-입력값!$B$96)/입력값!$B$98,ROUNDUP(MAX(0,($A72*손익분기계산기!$B$56+$A72*C$65*손익분기계산기!$B$57)-입력값!$B$96)/입력값!$B$98,0))*입력값!$B$100)*12),입력값!$A$56)-입력값!$A$55)*입력값!$B$56+MAX(0,MIN(MAX(0,($A72*C$65*손익분기계산기!$B$54-손익분기계산기!$B$58-IF(입력값!$B$99="비례",MAX(0,($A72*손익분기계산기!$B$56+$A72*C$65*손익분기계산기!$B$57)-입력값!$B$96)/입력값!$B$98,ROUNDUP(MAX(0,($A72*손익분기계산기!$B$56+$A72*C$65*손익분기계산기!$B$57)-입력값!$B$96)/입력값!$B$98,0))*입력값!$B$100)*12),입력값!$A$57)-입력값!$A$56)*입력값!$B$57+MAX(0,MAX(0,($A72*C$65*손익분기계산기!$B$54-손익분기계산기!$B$58-IF(입력값!$B$99="비례",MAX(0,($A72*손익분기계산기!$B$56+$A72*C$65*손익분기계산기!$B$57)-입력값!$B$96)/입력값!$B$98,ROUNDUP(MAX(0,($A72*손익분기계산기!$B$56+$A72*C$65*손익분기계산기!$B$57)-입력값!$B$96)/입력값!$B$98,0))*입력값!$B$100)*12)-입력값!$A$57)*입력값!$B$58)*(1+입력값!$B$59)*(1-입력값!$B$60)/12)-MAX(0,(($A72*C$65*손익분기계산기!$B$54-손익분기계산기!$B$58-IF(입력값!$B$99="비례",MAX(0,($A72*손익분기계산기!$B$56+$A72*C$65*손익분기계산기!$B$57)-입력값!$B$96)/입력값!$B$98,ROUNDUP(MAX(0,($A72*손익분기계산기!$B$56+$A72*C$65*손익분기계산기!$B$57)-입력값!$B$96)/입력값!$B$98,0))*입력값!$B$100)-(MIN(MAX(0,($A72*C$65*손익분기계산기!$B$54-손익분기계산기!$B$58-IF(입력값!$B$99="비례",MAX(0,($A72*손익분기계산기!$B$56+$A72*C$65*손익분기계산기!$B$57)-입력값!$B$96)/입력값!$B$98,ROUNDUP(MAX(0,($A72*손익분기계산기!$B$56+$A72*C$65*손익분기계산기!$B$57)-입력값!$B$96)/입력값!$B$98,0))*입력값!$B$100)*12),입력값!$A$55)*입력값!$B$55+MAX(0,MIN(MAX(0,($A72*C$65*손익분기계산기!$B$54-손익분기계산기!$B$58-IF(입력값!$B$99="비례",MAX(0,($A72*손익분기계산기!$B$56+$A72*C$65*손익분기계산기!$B$57)-입력값!$B$96)/입력값!$B$98,ROUNDUP(MAX(0,($A72*손익분기계산기!$B$56+$A72*C$65*손익분기계산기!$B$57)-입력값!$B$96)/입력값!$B$98,0))*입력값!$B$100)*12),입력값!$A$56)-입력값!$A$55)*입력값!$B$56+MAX(0,MIN(MAX(0,($A72*C$65*손익분기계산기!$B$54-손익분기계산기!$B$58-IF(입력값!$B$99="비례",MAX(0,($A72*손익분기계산기!$B$56+$A72*C$65*손익분기계산기!$B$57)-입력값!$B$96)/입력값!$B$98,ROUNDUP(MAX(0,($A72*손익분기계산기!$B$56+$A72*C$65*손익분기계산기!$B$57)-입력값!$B$96)/입력값!$B$98,0))*입력값!$B$100)*12),입력값!$A$57)-입력값!$A$56)*입력값!$B$57+MAX(0,MAX(0,($A72*C$65*손익분기계산기!$B$54-손익분기계산기!$B$58-IF(입력값!$B$99="비례",MAX(0,($A72*손익분기계산기!$B$56+$A72*C$65*손익분기계산기!$B$57)-입력값!$B$96)/입력값!$B$98,ROUNDUP(MAX(0,($A72*손익분기계산기!$B$56+$A72*C$65*손익분기계산기!$B$57)-입력값!$B$96)/입력값!$B$98,0))*입력값!$B$100)*12)-입력값!$A$57)*입력값!$B$58)*(1+입력값!$B$59)*(1-입력값!$B$60)/12))*입력값!$B$64 | D72: =(($A72*D$65*손익분기계산기!$B$54-손익분기계산기!$B$58-IF(입력값!$B$99="비례",MAX(0,($A72*손익분기계산기!$B$56+$A72*D$65*손익분기계산기!$B$57)-입력값!$B$96)/입력값!$B$98,ROUNDUP(MAX(0,($A72*손익분기계산기!$B$56+$A72*D$65*손익분기계산기!$B$57)-입력값!$B$96)/입력값!$B$98,0))*입력값!$B$100)-(MIN(MAX(0,($A72*D$65*손익분기계산기!$B$54-손익분기계산기!$B$58-IF(입력값!$B$99="비례",MAX(0,($A72*손익분기계산기!$B$56+$A72*D$65*손익분기계산기!$B$57)-입력값!$B$96)/입력값!$B$98,ROUNDUP(MAX(0,($A72*손익분기계산기!$B$56+$A72*D$65*손익분기계산기!$B$57)-입력값!$B$96)/입력값!$B$98,0))*입력값!$B$100)*12),입력값!$A$55)*입력값!$B$55+MAX(0,MIN(MAX(0,($A72*D$65*손익분기계산기!$B$54-손익분기계산기!$B$58-IF(입력값!$B$99="비례",MAX(0,($A72*손익분기계산기!$B$56+$A72*D$65*손익분기계산기!$B$57)-입력값!$B$96)/입력값!$B$98,ROUNDUP(MAX(0,($A72*손익분기계산기!$B$56+$A72*D$65*손익분기계산기!$B$57)-입력값!$B$96)/입력값!$B$98,0))*입력값!$B$100)*12),입력값!$A$56)-입력값!$A$55)*입력값!$B$56+MAX(0,MIN(MAX(0,($A72*D$65*손익분기계산기!$B$54-손익분기계산기!$B$58-IF(입력값!$B$99="비례",MAX(0,($A72*손익분기계산기!$B$56+$A72*D$65*손익분기계산기!$B$57)-입력값!$B$96)/입력값!$B$98,ROUNDUP(MAX(0,($A72*손익분기계산기!$B$56+$A72*D$65*손익분기계산기!$B$57)-입력값!$B$96)/입력값!$B$98,0))*입력값!$B$100)*12),입력값!$A$57)-입력값!$A$56)*입력값!$B$57+MAX(0,MAX(0,($A72*D$65*손익분기계산기!$B$54-손익분기계산기!$B$58-IF(입력값!$B$99="비례",MAX(0,($A72*손익분기계산기!$B$56+$A72*D$65*손익분기계산기!$B$57)-입력값!$B$96)/입력값!$B$98,ROUNDUP(MAX(0,($A72*손익분기계산기!$B$56+$A72*D$65*손익분기계산기!$B$57)-입력값!$B$96)/입력값!$B$98,0))*입력값!$B$100)*12)-입력값!$A$57)*입력값!$B$58)*(1+입력값!$B$59)*(1-입력값!$B$60)/12)-MAX(0,(($A72*D$65*손익분기계산기!$B$54-손익분기계산기!$B$58-IF(입력값!$B$99="비례",MAX(0,($A72*손익분기계산기!$B$56+$A72*D$65*손익분기계산기!$B$57)-입력값!$B$96)/입력값!$B$98,ROUNDUP(MAX(0,($A72*손익분기계산기!$B$56+$A72*D$65*손익분기계산기!$B$57)-입력값!$B$96)/입력값!$B$98,0))*입력값!$B$100)-(MIN(MAX(0,($A72*D$65*손익분기계산기!$B$54-손익분기계산기!$B$58-IF(입력값!$B$99="비례",MAX(0,($A72*손익분기계산기!$B$56+$A72*D$65*손익분기계산기!$B$57)-입력값!$B$96)/입력값!$B$98,ROUNDUP(MAX(0,($A72*손익분기계산기!$B$56+$A72*D$65*손익분기계산기!$B$57)-입력값!$B$96)/입력값!$B$98,0))*입력값!$B$100)*12),입력값!$A$55)*입력값!$B$55+MAX(0,MIN(MAX(0,($A72*D$65*손익분기계산기!$B$54-손익분기계산기!$B$58-IF(입력값!$B$99="비례",MAX(0,($A72*손익분기계산기!$B$56+$A72*D$65*손익분기계산기!$B$57)-입력값!$B$96)/입력값!$B$98,ROUNDUP(MAX(0,($A72*손익분기계산기!$B$56+$A72*D$65*손익분기계산기!$B$57)-입력값!$B$96)/입력값!$B$98,0))*입력값!$B$100)*12),입력값!$A$56)-입력값!$A$55)*입력값!$B$56+MAX(0,MIN(MAX(0,($A72*D$65*손익분기계산기!$B$54-손익분기계산기!$B$58-IF(입력값!$B$99="비례",MAX(0,($A72*손익분기계산기!$B$56+$A72*D$65*손익분기계산기!$B$57)-입력값!$B$96)/입력값!$B$98,ROUNDUP(MAX(0,($A72*손익분기계산기!$B$56+$A72*D$65*손익분기계산기!$B$57)-입력값!$B$96)/입력값!$B$98,0))*입력값!$B$100)*12),입력값!$A$57)-입력값!$A$56)*입력값!$B$57+MAX(0,MAX(0,($A72*D$65*손익분기계산기!$B$54-손익분기계산기!$B$58-IF(입력값!$B$99="비례",MAX(0,($A72*손익분기계산기!$B$56+$A72*D$65*손익분기계산기!$B$57)-입력값!$B$96)/입력값!$B$98,ROUNDUP(MAX(0,($A72*손익분기계산기!$B$56+$A72*D$65*손익분기계산기!$B$57)-입력값!$B$96)/입력값!$B$98,0))*입력값!$B$100)*12)-입력값!$A$57)*입력값!$B$58)*(1+입력값!$B$59)*(1-입력값!$B$60)/12))*입력값!$B$64 | E72: =(($A72*E$65*손익분기계산기!$B$54-손익분기계산기!$B$58-IF(입력값!$B$99="비례",MAX(0,($A72*손익분기계산기!$B$56+$A72*E$65*손익분기계산기!$B$57)-입력값!$B$96)/입력값!$B$98,ROUNDUP(MAX(0,($A72*손익분기계산기!$B$56+$A72*E$65*손익분기계산기!$B$57)-입력값!$B$96)/입력값!$B$98,0))*입력값!$B$100)-(MIN(MAX(0,($A72*E$65*손익분기계산기!$B$54-손익분기계산기!$B$58-IF(입력값!$B$99="비례",MAX(0,($A72*손익분기계산기!$B$56+$A72*E$65*손익분기계산기!$B$57)-입력값!$B$96)/입력값!$B$98,ROUNDUP(MAX(0,($A72*손익분기계산기!$B$56+$A72*E$65*손익분기계산기!$B$57)-입력값!$B$96)/입력값!$B$98,0))*입력값!$B$100)*12),입력값!$A$55)*입력값!$B$55+MAX(0,MIN(MAX(0,($A72*E$65*손익분기계산기!$B$54-손익분기계산기!$B$58-IF(입력값!$B$99="비례",MAX(0,($A72*손익분기계산기!$B$56+$A72*E$65*손익분기계산기!$B$57)-입력값!$B$96)/입력값!$B$98,ROUNDUP(MAX(0,($A72*손익분기계산기!$B$56+$A72*E$65*손익분기계산기!$B$57)-입력값!$B$96)/입력값!$B$98,0))*입력값!$B$100)*12),입력값!$A$56)-입력값!$A$55)*입력값!$B$56+MAX(0,MIN(MAX(0,($A72*E$65*손익분기계산기!$B$54-손익분기계산기!$B$58-IF(입력값!$B$99="비례",MAX(0,($A72*손익분기계산기!$B$56+$A72*E$65*손익분기계산기!$B$57)-입력값!$B$96)/입력값!$B$98,ROUNDUP(MAX(0,($A72*손익분기계산기!$B$56+$A72*E$65*손익분기계산기!$B$57)-입력값!$B$96)/입력값!$B$98,0))*입력값!$B$100)*12),입력값!$A$57)-입력값!$A$56)*입력값!$B$57+MAX(0,MAX(0,($A72*E$65*손익분기계산기!$B$54-손익분기계산기!$B$58-IF(입력값!$B$99="비례",MAX(0,($A72*손익분기계산기!$B$56+$A72*E$65*손익분기계산기!$B$57)-입력값!$B$96)/입력값!$B$98,ROUNDUP(MAX(0,($A72*손익분기계산기!$B$56+$A72*E$65*손익분기계산기!$B$57)-입력값!$B$96)/입력값!$B$98,0))*입력값!$B$100)*12)-입력값!$A$57)*입력값!$B$58)*(1+입력값!$B$59)*(1-입력값!$B$60)/12)-MAX(0,(($A72*E$65*손익분기계산기!$B$54-손익분기계산기!$B$58-IF(입력값!$B$99="비례",MAX(0,($A72*손익분기계산기!$B$56+$A72*E$65*손익분기계산기!$B$57)-입력값!$B$96)/입력값!$B$98,ROUNDUP(MAX(0,($A72*손익분기계산기!$B$56+$A72*E$65*손익분기계산기!$B$57)-입력값!$B$96)/입력값!$B$98,0))*입력값!$B$100)-(MIN(MAX(0,($A72*E$65*손익분기계산기!$B$54-손익분기계산기!$B$58-IF(입력값!$B$99="비례",MAX(0,($A72*손익분기계산기!$B$56+$A72*E$65*손익분기계산기!$B$57)-입력값!$B$96)/입력값!$B$98,ROUNDUP(MAX(0,($A72*손익분기계산기!$B$56+$A72*E$65*손익분기계산기!$B$57)-입력값!$B$96)/입력값!$B$98,0))*입력값!$B$100)*12),입력값!$A$55)*입력값!$B$55+MAX(0,MIN(MAX(0,($A72*E$65*손익분기계산기!$B$54-손익분기계산기!$B$58-IF(입력값!$B$99="비례",MAX(0,($A72*손익분기계산기!$B$56+$A72*E$65*손익분기계산기!$B$57)-입력값!$B$96)/입력값!$B$98,ROUNDUP(MAX(0,($A72*손익분기계산기!$B$56+$A72*E$65*손익분기계산기!$B$57)-입력값!$B$96)/입력값!$B$98,0))*입력값!$B$100)*12),입력값!$A$56)-입력값!$A$55)*입력값!$B$56+MAX(0,MIN(MAX(0,($A72*E$65*손익분기계산기!$B$54-손익분기계산기!$B$58-IF(입력값!$B$99="비례",MAX(0,($A72*손익분기계산기!$B$56+$A72*E$65*손익분기계산기!$B$57)-입력값!$B$96)/입력값!$B$98,ROUNDUP(MAX(0,($A72*손익분기계산기!$B$56+$A72*E$65*손익분기계산기!$B$57)-입력값!$B$96)/입력값!$B$98,0))*입력값!$B$100)*12),입력값!$A$57)-입력값!$A$56)*입력값!$B$57+MAX(0,MAX(0,($A72*E$65*손익분기계산기!$B$54-손익분기계산기!$B$58-IF(입력값!$B$99="비례",MAX(0,($A72*손익분기계산기!$B$56+$A72*E$65*손익분기계산기!$B$57)-입력값!$B$96)/입력값!$B$98,ROUNDUP(MAX(0,($A72*손익분기계산기!$B$56+$A72*E$65*손익분기계산기!$B$57)-입력값!$B$96)/입력값!$B$98,0))*입력값!$B$100)*12)-입력값!$A$57)*입력값!$B$58)*(1+입력값!$B$59)*(1-입력값!$B$60)/12))*입력값!$B$64 | F72: =(($A72*F$65*손익분기계산기!$B$54-손익분기계산기!$B$58-IF(입력값!$B$99="비례",MAX(0,($A72*손익분기계산기!$B$56+$A72*F$65*손익분기계산기!$B$57)-입력값!$B$96)/입력값!$B$98,ROUNDUP(MAX(0,($A72*손익분기계산기!$B$56+$A72*F$65*손익분기계산기!$B$57)-입력값!$B$96)/입력값!$B$98,0))*입력값!$B$100)-(MIN(MAX(0,($A72*F$65*손익분기계산기!$B$54-손익분기계산기!$B$58-IF(입력값!$B$99="비례",MAX(0,($A72*손익분기계산기!$B$56+$A72*F$65*손익분기계산기!$B$57)-입력값!$B$96)/입력값!$B$98,ROUNDUP(MAX(0,($A72*손익분기계산기!$B$56+$A72*F$65*손익분기계산기!$B$57)-입력값!$B$96)/입력값!$B$98,0))*입력값!$B$100)*12),입력값!$A$55)*입력값!$B$55+MAX(0,MIN(MAX(0,($A72*F$65*손익분기계산기!$B$54-손익분기계산기!$B$58-IF(입력값!$B$99="비례",MAX(0,($A72*손익분기계산기!$B$56+$A72*F$65*손익분기계산기!$B$57)-입력값!$B$96)/입력값!$B$98,ROUNDUP(MAX(0,($A72*손익분기계산기!$B$56+$A72*F$65*손익분기계산기!$B$57)-입력값!$B$96)/입력값!$B$98,0))*입력값!$B$100)*12),입력값!$A$56)-입력값!$A$55)*입력값!$B$56+MAX(0,MIN(MAX(0,($A72*F$65*손익분기계산기!$B$54-손익분기계산기!$B$58-IF(입력값!$B$99="비례",MAX(0,($A72*손익분기계산기!$B$56+$A72*F$65*손익분기계산기!$B$57)-입력값!$B$96)/입력값!$B$98,ROUNDUP(MAX(0,($A72*손익분기계산기!$B$56+$A72*F$65*손익분기계산기!$B$57)-입력값!$B$96)/입력값!$B$98,0))*입력값!$B$100)*12),입력값!$A$57)-입력값!$A$56)*입력값!$B$57+MAX(0,MAX(0,($A72*F$65*손익분기계산기!$B$54-손익분기계산기!$B$58-IF(입력값!$B$99="비례",MAX(0,($A72*손익분기계산기!$B$56+$A72*F$65*손익분기계산기!$B$57)-입력값!$B$96)/입력값!$B$98,ROUNDUP(MAX(0,($A72*손익분기계산기!$B$56+$A72*F$65*손익분기계산기!$B$57)-입력값!$B$96)/입력값!$B$98,0))*입력값!$B$100)*12)-입력값!$A$57)*입력값!$B$58)*(1+입력값!$B$59)*(1-입력값!$B$60)/12)-MAX(0,(($A72*F$65*손익분기계산기!$B$54-손익분기계산기!$B$58-IF(입력값!$B$99="비례",MAX(0,($A72*손익분기계산기!$B$56+$A72*F$65*손익분기계산기!$B$57)-입력값!$B$96)/입력값!$B$98,ROUNDUP(MAX(0,($A72*손익분기계산기!$B$56+$A72*F$65*손익분기계산기!$B$57)-입력값!$B$96)/입력값!$B$98,0))*입력값!$B$100)-(MIN(MAX(0,($A72*F$65*손익분기계산기!$B$54-손익분기계산기!$B$58-IF(입력값!$B$99="비례",MAX(0,($A72*손익분기계산기!$B$56+$A72*F$65*손익분기계산기!$B$57)-입력값!$B$96)/입력값!$B$98,ROUNDUP(MAX(0,($A72*손익분기계산기!$B$56+$A72*F$65*손익분기계산기!$B$57)-입력값!$B$96)/입력값!$B$98,0))*입력값!$B$100)*12),입력값!$A$55)*입력값!$B$55+MAX(0,MIN(MAX(0,($A72*F$65*손익분기계산기!$B$54-손익분기계산기!$B$58-IF(입력값!$B$99="비례",MAX(0,($A72*손익분기계산기!$B$56+$A72*F$65*손익분기계산기!$B$57)-입력값!$B$96)/입력값!$B$98,ROUNDUP(MAX(0,($A72*손익분기계산기!$B$56+$A72*F$65*손익분기계산기!$B$57)-입력값!$B$96)/입력값!$B$98,0))*입력값!$B$100)*12),입력값!$A$56)-입력값!$A$55)*입력값!$B$56+MAX(0,MIN(MAX(0,($A72*F$65*손익분기계산기!$B$54-손익분기계산기!$B$58-IF(입력값!$B$99="비례",MAX(0,($A72*손익분기계산기!$B$56+$A72*F$65*손익분기계산기!$B$57)-입력값!$B$96)/입력값!$B$98,ROUNDUP(MAX(0,($A72*손익분기계산기!$B$56+$A72*F$65*손익분기계산기!$B$57)-입력값!$B$96)/입력값!$B$98,0))*입력값!$B$100)*12),입력값!$A$57)-입력값!$A$56)*입력값!$B$57+MAX(0,MAX(0,($A72*F$65*손익분기계산기!$B$54-손익분기계산기!$B$58-IF(입력값!$B$99="비례",MAX(0,($A72*손익분기계산기!$B$56+$A72*F$65*손익분기계산기!$B$57)-입력값!$B$96)/입력값!$B$98,ROUNDUP(MAX(0,($A72*손익분기계산기!$B$56+$A72*F$65*손익분기계산기!$B$57)-입력값!$B$96)/입력값!$B$98,0))*입력값!$B$100)*12)-입력값!$A$57)*입력값!$B$58)*(1+입력값!$B$59)*(1-입력값!$B$60)/12))*입력값!$B$64 | G72: =(($A72*G$65*손익분기계산기!$B$54-손익분기계산기!$B$58-IF(입력값!$B$99="비례",MAX(0,($A72*손익분기계산기!$B$56+$A72*G$65*손익분기계산기!$B$57)-입력값!$B$96)/입력값!$B$98,ROUNDUP(MAX(0,($A72*손익분기계산기!$B$56+$A72*G$65*손익분기계산기!$B$57)-입력값!$B$96)/입력값!$B$98,0))*입력값!$B$100)-(MIN(MAX(0,($A72*G$65*손익분기계산기!$B$54-손익분기계산기!$B$58-IF(입력값!$B$99="비례",MAX(0,($A72*손익분기계산기!$B$56+$A72*G$65*손익분기계산기!$B$57)-입력값!$B$96)/입력값!$B$98,ROUNDUP(MAX(0,($A72*손익분기계산기!$B$56+$A72*G$65*손익분기계산기!$B$57)-입력값!$B$96)/입력값!$B$98,0))*입력값!$B$100)*12),입력값!$A$55)*입력값!$B$55+MAX(0,MIN(MAX(0,($A72*G$65*손익분기계산기!$B$54-손익분기계산기!$B$58-IF(입력값!$B$99="비례",MAX(0,($A72*손익분기계산기!$B$56+$A72*G$65*손익분기계산기!$B$57)-입력값!$B$96)/입력값!$B$98,ROUNDUP(MAX(0,($A72*손익분기계산기!$B$56+$A72*G$65*손익분기계산기!$B$57)-입력값!$B$96)/입력값!$B$98,0))*입력값!$B$100)*12),입력값!$A$56)-입력값!$A$55)*입력값!$B$56+MAX(0,MIN(MAX(0,($A72*G$65*손익분기계산기!$B$54-손익분기계산기!$B$58-IF(입력값!$B$99="비례",MAX(0,($A72*손익분기계산기!$B$56+$A72*G$65*손익분기계산기!$B$57)-입력값!$B$96)/입력값!$B$98,ROUNDUP(MAX(0,($A72*손익분기계산기!$B$56+$A72*G$65*손익분기계산기!$B$57)-입력값!$B$96)/입력값!$B$98,0))*입력값!$B$100)*12),입력값!$A$57)-입력값!$A$56)*입력값!$B$57+MAX(0,MAX(0,($A72*G$65*손익분기계산기!$B$54-손익분기계산기!$B$58-IF(입력값!$B$99="비례",MAX(0,($A72*손익분기계산기!$B$56+$A72*G$65*손익분기계산기!$B$57)-입력값!$B$96)/입력값!$B$98,ROUNDUP(MAX(0,($A72*손익분기계산기!$B$56+$A72*G$65*손익분기계산기!$B$57)-입력값!$B$96)/입력값!$B$98,0))*입력값!$B$100)*12)-입력값!$A$57)*입력값!$B$58)*(1+입력값!$B$59)*(1-입력값!$B$60)/12)-MAX(0,(($A72*G$65*손익분기계산기!$B$54-손익분기계산기!$B$58-IF(입력값!$B$99="비례",MAX(0,($A72*손익분기계산기!$B$56+$A72*G$65*손익분기계산기!$B$57)-입력값!$B$96)/입력값!$B$98,ROUNDUP(MAX(0,($A72*손익분기계산기!$B$56+$A72*G$65*손익분기계산기!$B$57)-입력값!$B$96)/입력값!$B$98,0))*입력값!$B$100)-(MIN(MAX(0,($A72*G$65*손익분기계산기!$B$54-손익분기계산기!$B$58-IF(입력값!$B$99="비례",MAX(0,($A72*손익분기계산기!$B$56+$A72*G$65*손익분기계산기!$B$57)-입력값!$B$96)/입력값!$B$98,ROUNDUP(MAX(0,($A72*손익분기계산기!$B$56+$A72*G$65*손익분기계산기!$B$57)-입력값!$B$96)/입력값!$B$98,0))*입력값!$B$100)*12),입력값!$A$55)*입력값!$B$55+MAX(0,MIN(MAX(0,($A72*G$65*손익분기계산기!$B$54-손익분기계산기!$B$58-IF(입력값!$B$99="비례",MAX(0,($A72*손익분기계산기!$B$56+$A72*G$65*손익분기계산기!$B$57)-입력값!$B$96)/입력값!$B$98,ROUNDUP(MAX(0,($A72*손익분기계산기!$B$56+$A72*G$65*손익분기계산기!$B$57)-입력값!$B$96)/입력값!$B$98,0))*입력값!$B$100)*12),입력값!$A$56)-입력값!$A$55)*입력값!$B$56+MAX(0,MIN(MAX(0,($A72*G$65*손익분기계산기!$B$54-손익분기계산기!$B$58-IF(입력값!$B$99="비례",MAX(0,($A72*손익분기계산기!$B$56+$A72*G$65*손익분기계산기!$B$57)-입력값!$B$96)/입력값!$B$98,ROUNDUP(MAX(0,($A72*손익분기계산기!$B$56+$A72*G$65*손익분기계산기!$B$57)-입력값!$B$96)/입력값!$B$98,0))*입력값!$B$100)*12),입력값!$A$57)-입력값!$A$56)*입력값!$B$57+MAX(0,MAX(0,($A72*G$65*손익분기계산기!$B$54-손익분기계산기!$B$58-IF(입력값!$B$99="비례",MAX(0,($A72*손익분기계산기!$B$56+$A72*G$65*손익분기계산기!$B$57)-입력값!$B$96)/입력값!$B$98,ROUNDUP(MAX(0,($A72*손익분기계산기!$B$56+$A72*G$65*손익분기계산기!$B$57)-입력값!$B$96)/입력값!$B$98,0))*입력값!$B$100)*12)-입력값!$A$57)*입력값!$B$58)*(1+입력값!$B$59)*(1-입력값!$B$60)/12))*입력값!$B$64 | H72: =(($A72*H$65*손익분기계산기!$B$54-손익분기계산기!$B$58-IF(입력값!$B$99="비례",MAX(0,($A72*손익분기계산기!$B$56+$A72*H$65*손익분기계산기!$B$57)-입력값!$B$96)/입력값!$B$98,ROUNDUP(MAX(0,($A72*손익분기계산기!$B$56+$A72*H$65*손익분기계산기!$B$57)-입력값!$B$96)/입력값!$B$98,0))*입력값!$B$100)-(MIN(MAX(0,($A72*H$65*손익분기계산기!$B$54-손익분기계산기!$B$58-IF(입력값!$B$99="비례",MAX(0,($A72*손익분기계산기!$B$56+$A72*H$65*손익분기계산기!$B$57)-입력값!$B$96)/입력값!$B$98,ROUNDUP(MAX(0,($A72*손익분기계산기!$B$56+$A72*H$65*손익분기계산기!$B$57)-입력값!$B$96)/입력값!$B$98,0))*입력값!$B$100)*12),입력값!$A$55)*입력값!$B$55+MAX(0,MIN(MAX(0,($A72*H$65*손익분기계산기!$B$54-손익분기계산기!$B$58-IF(입력값!$B$99="비례",MAX(0,($A72*손익분기계산기!$B$56+$A72*H$65*손익분기계산기!$B$57)-입력값!$B$96)/입력값!$B$98,ROUNDUP(MAX(0,($A72*손익분기계산기!$B$56+$A72*H$65*손익분기계산기!$B$57)-입력값!$B$96)/입력값!$B$98,0))*입력값!$B$100)*12),입력값!$A$56)-입력값!$A$55)*입력값!$B$56+MAX(0,MIN(MAX(0,($A72*H$65*손익분기계산기!$B$54-손익분기계산기!$B$58-IF(입력값!$B$99="비례",MAX(0,($A72*손익분기계산기!$B$56+$A72*H$65*손익분기계산기!$B$57)-입력값!$B$96)/입력값!$B$98,ROUNDUP(MAX(0,($A72*손익분기계산기!$B$56+$A72*H$65*손익분기계산기!$B$57)-입력값!$B$96)/입력값!$B$98,0))*입력값!$B$100)*12),입력값!$A$57)-입력값!$A$56)*입력값!$B$57+MAX(0,MAX(0,($A72*H$65*손익분기계산기!$B$54-손익분기계산기!$B$58-IF(입력값!$B$99="비례",MAX(0,($A72*손익분기계산기!$B$56+$A72*H$65*손익분기계산기!$B$57)-입력값!$B$96)/입력값!$B$98,ROUNDUP(MAX(0,($A72*손익분기계산기!$B$56+$A72*H$65*손익분기계산기!$B$57)-입력값!$B$96)/입력값!$B$98,0))*입력값!$B$100)*12)-입력값!$A$57)*입력값!$B$58)*(1+입력값!$B$59)*(1-입력값!$B$60)/12)-MAX(0,(($A72*H$65*손익분기계산기!$B$54-손익분기계산기!$B$58-IF(입력값!$B$99="비례",MAX(0,($A72*손익분기계산기!$B$56+$A72*H$65*손익분기계산기!$B$57)-입력값!$B$96)/입력값!$B$98,ROUNDUP(MAX(0,($A72*손익분기계산기!$B$56+$A72*H$65*손익분기계산기!$B$57)-입력값!$B$96)/입력값!$B$98,0))*입력값!$B$100)-(MIN(MAX(0,($A72*H$65*손익분기계산기!$B$54-손익분기계산기!$B$58-IF(입력값!$B$99="비례",MAX(0,($A72*손익분기계산기!$B$56+$A72*H$65*손익분기계산기!$B$57)-입력값!$B$96)/입력값!$B$98,ROUNDUP(MAX(0,($A72*손익분기계산기!$B$56+$A72*H$65*손익분기계산기!$B$57)-입력값!$B$96)/입력값!$B$98,0))*입력값!$B$100)*12),입력값!$A$55)*입력값!$B$55+MAX(0,MIN(MAX(0,($A72*H$65*손익분기계산기!$B$54-손익분기계산기!$B$58-IF(입력값!$B$99="비례",MAX(0,($A72*손익분기계산기!$B$56+$A72*H$65*손익분기계산기!$B$57)-입력값!$B$96)/입력값!$B$98,ROUNDUP(MAX(0,($A72*손익분기계산기!$B$56+$A72*H$65*손익분기계산기!$B$57)-입력값!$B$96)/입력값!$B$98,0))*입력값!$B$100)*12),입력값!$A$56)-입력값!$A$55)*입력값!$B$56+MAX(0,MIN(MAX(0,($A72*H$65*손익분기계산기!$B$54-손익분기계산기!$B$58-IF(입력값!$B$99="비례",MAX(0,($A72*손익분기계산기!$B$56+$A72*H$65*손익분기계산기!$B$57)-입력값!$B$96)/입력값!$B$98,ROUNDUP(MAX(0,($A72*손익분기계산기!$B$56+$A72*H$65*손익분기계산기!$B$57)-입력값!$B$96)/입력값!$B$98,0))*입력값!$B$100)*12),입력값!$A$57)-입력값!$A$56)*입력값!$B$57+MAX(0,MAX(0,($A72*H$65*손익분기계산기!$B$54-손익분기계산기!$B$58-IF(입력값!$B$99="비례",MAX(0,($A72*손익분기계산기!$B$56+$A72*H$65*손익분기계산기!$B$57)-입력값!$B$96)/입력값!$B$98,ROUNDUP(MAX(0,($A72*손익분기계산기!$B$56+$A72*H$65*손익분기계산기!$B$57)-입력값!$B$96)/입력값!$B$98,0))*입력값!$B$100)*12)-입력값!$A$57)*입력값!$B$58)*(1+입력값!$B$59)*(1-입력값!$B$60)/12))*입력값!$B$64 | I72: =(($A72*I$65*손익분기계산기!$B$54-손익분기계산기!$B$58-IF(입력값!$B$99="비례",MAX(0,($A72*손익분기계산기!$B$56+$A72*I$65*손익분기계산기!$B$57)-입력값!$B$96)/입력값!$B$98,ROUNDUP(MAX(0,($A72*손익분기계산기!$B$56+$A72*I$65*손익분기계산기!$B$57)-입력값!$B$96)/입력값!$B$98,0))*입력값!$B$100)-(MIN(MAX(0,($A72*I$65*손익분기계산기!$B$54-손익분기계산기!$B$58-IF(입력값!$B$99="비례",MAX(0,($A72*손익분기계산기!$B$56+$A72*I$65*손익분기계산기!$B$57)-입력값!$B$96)/입력값!$B$98,ROUNDUP(MAX(0,($A72*손익분기계산기!$B$56+$A72*I$65*손익분기계산기!$B$57)-입력값!$B$96)/입력값!$B$98,0))*입력값!$B$100)*12),입력값!$A$55)*입력값!$B$55+MAX(0,MIN(MAX(0,($A72*I$65*손익분기계산기!$B$54-손익분기계산기!$B$58-IF(입력값!$B$99="비례",MAX(0,($A72*손익분기계산기!$B$56+$A72*I$65*손익분기계산기!$B$57)-입력값!$B$96)/입력값!$B$98,ROUNDUP(MAX(0,($A72*손익분기계산기!$B$56+$A72*I$65*손익분기계산기!$B$57)-입력값!$B$96)/입력값!$B$98,0))*입력값!$B$100)*12),입력값!$A$56)-입력값!$A$55)*입력값!$B$56+MAX(0,MIN(MAX(0,($A72*I$65*손익분기계산기!$B$54-손익분기계산기!$B$58-IF(입력값!$B$99="비례",MAX(0,($A72*손익분기계산기!$B$56+$A72*I$65*손익분기계산기!$B$57)-입력값!$B$96)/입력값!$B$98,ROUNDUP(MAX(0,($A72*손익분기계산기!$B$56+$A72*I$65*손익분기계산기!$B$57)-입력값!$B$96)/입력값!$B$98,0))*입력값!$B$100)*12),입력값!$A$57)-입력값!$A$56)*입력값!$B$57+MAX(0,MAX(0,($A72*I$65*손익분기계산기!$B$54-손익분기계산기!$B$58-IF(입력값!$B$99="비례",MAX(0,($A72*손익분기계산기!$B$56+$A72*I$65*손익분기계산기!$B$57)-입력값!$B$96)/입력값!$B$98,ROUNDUP(MAX(0,($A72*손익분기계산기!$B$56+$A72*I$65*손익분기계산기!$B$57)-입력값!$B$96)/입력값!$B$98,0))*입력값!$B$100)*12)-입력값!$A$57)*입력값!$B$58)*(1+입력값!$B$59)*(1-입력값!$B$60)/12)-MAX(0,(($A72*I$65*손익분기계산기!$B$54-손익분기계산기!$B$58-IF(입력값!$B$99="비례",MAX(0,($A72*손익분기계산기!$B$56+$A72*I$65*손익분기계산기!$B$57)-입력값!$B$96)/입력값!$B$98,ROUNDUP(MAX(0,($A72*손익분기계산기!$B$56+$A72*I$65*손익분기계산기!$B$57)-입력값!$B$96)/입력값!$B$98,0))*입력값!$B$100)-(MIN(MAX(0,($A72*I$65*손익분기계산기!$B$54-손익분기계산기!$B$58-IF(입력값!$B$99="비례",MAX(0,($A72*손익분기계산기!$B$56+$A72*I$65*손익분기계산기!$B$57)-입력값!$B$96)/입력값!$B$98,ROUNDUP(MAX(0,($A72*손익분기계산기!$B$56+$A72*I$65*손익분기계산기!$B$57)-입력값!$B$96)/입력값!$B$98,0))*입력값!$B$100)*12),입력값!$A$55)*입력값!$B$55+MAX(0,MIN(MAX(0,($A72*I$65*손익분기계산기!$B$54-손익분기계산기!$B$58-IF(입력값!$B$99="비례",MAX(0,($A72*손익분기계산기!$B$56+$A72*I$65*손익분기계산기!$B$57)-입력값!$B$96)/입력값!$B$98,ROUNDUP(MAX(0,($A72*손익분기계산기!$B$56+$A72*I$65*손익분기계산기!$B$57)-입력값!$B$96)/입력값!$B$98,0))*입력값!$B$100)*12),입력값!$A$56)-입력값!$A$55)*입력값!$B$56+MAX(0,MIN(MAX(0,($A72*I$65*손익분기계산기!$B$54-손익분기계산기!$B$58-IF(입력값!$B$99="비례",MAX(0,($A72*손익분기계산기!$B$56+$A72*I$65*손익분기계산기!$B$57)-입력값!$B$96)/입력값!$B$98,ROUNDUP(MAX(0,($A72*손익분기계산기!$B$56+$A72*I$65*손익분기계산기!$B$57)-입력값!$B$96)/입력값!$B$98,0))*입력값!$B$100)*12),입력값!$A$57)-입력값!$A$56)*입력값!$B$57+MAX(0,MAX(0,($A72*I$65*손익분기계산기!$B$54-손익분기계산기!$B$58-IF(입력값!$B$99="비례",MAX(0,($A72*손익분기계산기!$B$56+$A72*I$65*손익분기계산기!$B$57)-입력값!$B$96)/입력값!$B$98,ROUNDUP(MAX(0,($A72*손익분기계산기!$B$56+$A72*I$65*손익분기계산기!$B$57)-입력값!$B$96)/입력값!$B$98,0))*입력값!$B$100)*12)-입력값!$A$57)*입력값!$B$58)*(1+입력값!$B$59)*(1-입력값!$B$60)/12))*입력값!$B$64
A73: 50 | B73: =(($A73*B$65*손익분기계산기!$B$54-손익분기계산기!$B$58-IF(입력값!$B$99="비례",MAX(0,($A73*손익분기계산기!$B$56+$A73*B$65*손익분기계산기!$B$57)-입력값!$B$96)/입력값!$B$98,ROUNDUP(MAX(0,($A73*손익분기계산기!$B$56+$A73*B$65*손익분기계산기!$B$57)-입력값!$B$96)/입력값!$B$98,0))*입력값!$B$100)-(MIN(MAX(0,($A73*B$65*손익분기계산기!$B$54-손익분기계산기!$B$58-IF(입력값!$B$99="비례",MAX(0,($A73*손익분기계산기!$B$56+$A73*B$65*손익분기계산기!$B$57)-입력값!$B$96)/입력값!$B$98,ROUNDUP(MAX(0,($A73*손익분기계산기!$B$56+$A73*B$65*손익분기계산기!$B$57)-입력값!$B$96)/입력값!$B$98,0))*입력값!$B$100)*12),입력값!$A$55)*입력값!$B$55+MAX(0,MIN(MAX(0,($A73*B$65*손익분기계산기!$B$54-손익분기계산기!$B$58-IF(입력값!$B$99="비례",MAX(0,($A73*손익분기계산기!$B$56+$A73*B$65*손익분기계산기!$B$57)-입력값!$B$96)/입력값!$B$98,ROUNDUP(MAX(0,($A73*손익분기계산기!$B$56+$A73*B$65*손익분기계산기!$B$57)-입력값!$B$96)/입력값!$B$98,0))*입력값!$B$100)*12),입력값!$A$56)-입력값!$A$55)*입력값!$B$56+MAX(0,MIN(MAX(0,($A73*B$65*손익분기계산기!$B$54-손익분기계산기!$B$58-IF(입력값!$B$99="비례",MAX(0,($A73*손익분기계산기!$B$56+$A73*B$65*손익분기계산기!$B$57)-입력값!$B$96)/입력값!$B$98,ROUNDUP(MAX(0,($A73*손익분기계산기!$B$56+$A73*B$65*손익분기계산기!$B$57)-입력값!$B$96)/입력값!$B$98,0))*입력값!$B$100)*12),입력값!$A$57)-입력값!$A$56)*입력값!$B$57+MAX(0,MAX(0,($A73*B$65*손익분기계산기!$B$54-손익분기계산기!$B$58-IF(입력값!$B$99="비례",MAX(0,($A73*손익분기계산기!$B$56+$A73*B$65*손익분기계산기!$B$57)-입력값!$B$96)/입력값!$B$98,ROUNDUP(MAX(0,($A73*손익분기계산기!$B$56+$A73*B$65*손익분기계산기!$B$57)-입력값!$B$96)/입력값!$B$98,0))*입력값!$B$100)*12)-입력값!$A$57)*입력값!$B$58)*(1+입력값!$B$59)*(1-입력값!$B$60)/12)-MAX(0,(($A73*B$65*손익분기계산기!$B$54-손익분기계산기!$B$58-IF(입력값!$B$99="비례",MAX(0,($A73*손익분기계산기!$B$56+$A73*B$65*손익분기계산기!$B$57)-입력값!$B$96)/입력값!$B$98,ROUNDUP(MAX(0,($A73*손익분기계산기!$B$56+$A73*B$65*손익분기계산기!$B$57)-입력값!$B$96)/입력값!$B$98,0))*입력값!$B$100)-(MIN(MAX(0,($A73*B$65*손익분기계산기!$B$54-손익분기계산기!$B$58-IF(입력값!$B$99="비례",MAX(0,($A73*손익분기계산기!$B$56+$A73*B$65*손익분기계산기!$B$57)-입력값!$B$96)/입력값!$B$98,ROUNDUP(MAX(0,($A73*손익분기계산기!$B$56+$A73*B$65*손익분기계산기!$B$57)-입력값!$B$96)/입력값!$B$98,0))*입력값!$B$100)*12),입력값!$A$55)*입력값!$B$55+MAX(0,MIN(MAX(0,($A73*B$65*손익분기계산기!$B$54-손익분기계산기!$B$58-IF(입력값!$B$99="비례",MAX(0,($A73*손익분기계산기!$B$56+$A73*B$65*손익분기계산기!$B$57)-입력값!$B$96)/입력값!$B$98,ROUNDUP(MAX(0,($A73*손익분기계산기!$B$56+$A73*B$65*손익분기계산기!$B$57)-입력값!$B$96)/입력값!$B$98,0))*입력값!$B$100)*12),입력값!$A$56)-입력값!$A$55)*입력값!$B$56+MAX(0,MIN(MAX(0,($A73*B$65*손익분기계산기!$B$54-손익분기계산기!$B$58-IF(입력값!$B$99="비례",MAX(0,($A73*손익분기계산기!$B$56+$A73*B$65*손익분기계산기!$B$57)-입력값!$B$96)/입력값!$B$98,ROUNDUP(MAX(0,($A73*손익분기계산기!$B$56+$A73*B$65*손익분기계산기!$B$57)-입력값!$B$96)/입력값!$B$98,0))*입력값!$B$100)*12),입력값!$A$57)-입력값!$A$56)*입력값!$B$57+MAX(0,MAX(0,($A73*B$65*손익분기계산기!$B$54-손익분기계산기!$B$58-IF(입력값!$B$99="비례",MAX(0,($A73*손익분기계산기!$B$56+$A73*B$65*손익분기계산기!$B$57)-입력값!$B$96)/입력값!$B$98,ROUNDUP(MAX(0,($A73*손익분기계산기!$B$56+$A73*B$65*손익분기계산기!$B$57)-입력값!$B$96)/입력값!$B$98,0))*입력값!$B$100)*12)-입력값!$A$57)*입력값!$B$58)*(1+입력값!$B$59)*(1-입력값!$B$60)/12))*입력값!$B$64 | C73: =(($A73*C$65*손익분기계산기!$B$54-손익분기계산기!$B$58-IF(입력값!$B$99="비례",MAX(0,($A73*손익분기계산기!$B$56+$A73*C$65*손익분기계산기!$B$57)-입력값!$B$96)/입력값!$B$98,ROUNDUP(MAX(0,($A73*손익분기계산기!$B$56+$A73*C$65*손익분기계산기!$B$57)-입력값!$B$96)/입력값!$B$98,0))*입력값!$B$100)-(MIN(MAX(0,($A73*C$65*손익분기계산기!$B$54-손익분기계산기!$B$58-IF(입력값!$B$99="비례",MAX(0,($A73*손익분기계산기!$B$56+$A73*C$65*손익분기계산기!$B$57)-입력값!$B$96)/입력값!$B$98,ROUNDUP(MAX(0,($A73*손익분기계산기!$B$56+$A73*C$65*손익분기계산기!$B$57)-입력값!$B$96)/입력값!$B$98,0))*입력값!$B$100)*12),입력값!$A$55)*입력값!$B$55+MAX(0,MIN(MAX(0,($A73*C$65*손익분기계산기!$B$54-손익분기계산기!$B$58-IF(입력값!$B$99="비례",MAX(0,($A73*손익분기계산기!$B$56+$A73*C$65*손익분기계산기!$B$57)-입력값!$B$96)/입력값!$B$98,ROUNDUP(MAX(0,($A73*손익분기계산기!$B$56+$A73*C$65*손익분기계산기!$B$57)-입력값!$B$96)/입력값!$B$98,0))*입력값!$B$100)*12),입력값!$A$56)-입력값!$A$55)*입력값!$B$56+MAX(0,MIN(MAX(0,($A73*C$65*손익분기계산기!$B$54-손익분기계산기!$B$58-IF(입력값!$B$99="비례",MAX(0,($A73*손익분기계산기!$B$56+$A73*C$65*손익분기계산기!$B$57)-입력값!$B$96)/입력값!$B$98,ROUNDUP(MAX(0,($A73*손익분기계산기!$B$56+$A73*C$65*손익분기계산기!$B$57)-입력값!$B$96)/입력값!$B$98,0))*입력값!$B$100)*12),입력값!$A$57)-입력값!$A$56)*입력값!$B$57+MAX(0,MAX(0,($A73*C$65*손익분기계산기!$B$54-손익분기계산기!$B$58-IF(입력값!$B$99="비례",MAX(0,($A73*손익분기계산기!$B$56+$A73*C$65*손익분기계산기!$B$57)-입력값!$B$96)/입력값!$B$98,ROUNDUP(MAX(0,($A73*손익분기계산기!$B$56+$A73*C$65*손익분기계산기!$B$57)-입력값!$B$96)/입력값!$B$98,0))*입력값!$B$100)*12)-입력값!$A$57)*입력값!$B$58)*(1+입력값!$B$59)*(1-입력값!$B$60)/12)-MAX(0,(($A73*C$65*손익분기계산기!$B$54-손익분기계산기!$B$58-IF(입력값!$B$99="비례",MAX(0,($A73*손익분기계산기!$B$56+$A73*C$65*손익분기계산기!$B$57)-입력값!$B$96)/입력값!$B$98,ROUNDUP(MAX(0,($A73*손익분기계산기!$B$56+$A73*C$65*손익분기계산기!$B$57)-입력값!$B$96)/입력값!$B$98,0))*입력값!$B$100)-(MIN(MAX(0,($A73*C$65*손익분기계산기!$B$54-손익분기계산기!$B$58-IF(입력값!$B$99="비례",MAX(0,($A73*손익분기계산기!$B$56+$A73*C$65*손익분기계산기!$B$57)-입력값!$B$96)/입력값!$B$98,ROUNDUP(MAX(0,($A73*손익분기계산기!$B$56+$A73*C$65*손익분기계산기!$B$57)-입력값!$B$96)/입력값!$B$98,0))*입력값!$B$100)*12),입력값!$A$55)*입력값!$B$55+MAX(0,MIN(MAX(0,($A73*C$65*손익분기계산기!$B$54-손익분기계산기!$B$58-IF(입력값!$B$99="비례",MAX(0,($A73*손익분기계산기!$B$56+$A73*C$65*손익분기계산기!$B$57)-입력값!$B$96)/입력값!$B$98,ROUNDUP(MAX(0,($A73*손익분기계산기!$B$56+$A73*C$65*손익분기계산기!$B$57)-입력값!$B$96)/입력값!$B$98,0))*입력값!$B$100)*12),입력값!$A$56)-입력값!$A$55)*입력값!$B$56+MAX(0,MIN(MAX(0,($A73*C$65*손익분기계산기!$B$54-손익분기계산기!$B$58-IF(입력값!$B$99="비례",MAX(0,($A73*손익분기계산기!$B$56+$A73*C$65*손익분기계산기!$B$57)-입력값!$B$96)/입력값!$B$98,ROUNDUP(MAX(0,($A73*손익분기계산기!$B$56+$A73*C$65*손익분기계산기!$B$57)-입력값!$B$96)/입력값!$B$98,0))*입력값!$B$100)*12),입력값!$A$57)-입력값!$A$56)*입력값!$B$57+MAX(0,MAX(0,($A73*C$65*손익분기계산기!$B$54-손익분기계산기!$B$58-IF(입력값!$B$99="비례",MAX(0,($A73*손익분기계산기!$B$56+$A73*C$65*손익분기계산기!$B$57)-입력값!$B$96)/입력값!$B$98,ROUNDUP(MAX(0,($A73*손익분기계산기!$B$56+$A73*C$65*손익분기계산기!$B$57)-입력값!$B$96)/입력값!$B$98,0))*입력값!$B$100)*12)-입력값!$A$57)*입력값!$B$58)*(1+입력값!$B$59)*(1-입력값!$B$60)/12))*입력값!$B$64 | D73: =(($A73*D$65*손익분기계산기!$B$54-손익분기계산기!$B$58-IF(입력값!$B$99="비례",MAX(0,($A73*손익분기계산기!$B$56+$A73*D$65*손익분기계산기!$B$57)-입력값!$B$96)/입력값!$B$98,ROUNDUP(MAX(0,($A73*손익분기계산기!$B$56+$A73*D$65*손익분기계산기!$B$57)-입력값!$B$96)/입력값!$B$98,0))*입력값!$B$100)-(MIN(MAX(0,($A73*D$65*손익분기계산기!$B$54-손익분기계산기!$B$58-IF(입력값!$B$99="비례",MAX(0,($A73*손익분기계산기!$B$56+$A73*D$65*손익분기계산기!$B$57)-입력값!$B$96)/입력값!$B$98,ROUNDUP(MAX(0,($A73*손익분기계산기!$B$56+$A73*D$65*손익분기계산기!$B$57)-입력값!$B$96)/입력값!$B$98,0))*입력값!$B$100)*12),입력값!$A$55)*입력값!$B$55+MAX(0,MIN(MAX(0,($A73*D$65*손익분기계산기!$B$54-손익분기계산기!$B$58-IF(입력값!$B$99="비례",MAX(0,($A73*손익분기계산기!$B$56+$A73*D$65*손익분기계산기!$B$57)-입력값!$B$96)/입력값!$B$98,ROUNDUP(MAX(0,($A73*손익분기계산기!$B$56+$A73*D$65*손익분기계산기!$B$57)-입력값!$B$96)/입력값!$B$98,0))*입력값!$B$100)*12),입력값!$A$56)-입력값!$A$55)*입력값!$B$56+MAX(0,MIN(MAX(0,($A73*D$65*손익분기계산기!$B$54-손익분기계산기!$B$58-IF(입력값!$B$99="비례",MAX(0,($A73*손익분기계산기!$B$56+$A73*D$65*손익분기계산기!$B$57)-입력값!$B$96)/입력값!$B$98,ROUNDUP(MAX(0,($A73*손익분기계산기!$B$56+$A73*D$65*손익분기계산기!$B$57)-입력값!$B$96)/입력값!$B$98,0))*입력값!$B$100)*12),입력값!$A$57)-입력값!$A$56)*입력값!$B$57+MAX(0,MAX(0,($A73*D$65*손익분기계산기!$B$54-손익분기계산기!$B$58-IF(입력값!$B$99="비례",MAX(0,($A73*손익분기계산기!$B$56+$A73*D$65*손익분기계산기!$B$57)-입력값!$B$96)/입력값!$B$98,ROUNDUP(MAX(0,($A73*손익분기계산기!$B$56+$A73*D$65*손익분기계산기!$B$57)-입력값!$B$96)/입력값!$B$98,0))*입력값!$B$100)*12)-입력값!$A$57)*입력값!$B$58)*(1+입력값!$B$59)*(1-입력값!$B$60)/12)-MAX(0,(($A73*D$65*손익분기계산기!$B$54-손익분기계산기!$B$58-IF(입력값!$B$99="비례",MAX(0,($A73*손익분기계산기!$B$56+$A73*D$65*손익분기계산기!$B$57)-입력값!$B$96)/입력값!$B$98,ROUNDUP(MAX(0,($A73*손익분기계산기!$B$56+$A73*D$65*손익분기계산기!$B$57)-입력값!$B$96)/입력값!$B$98,0))*입력값!$B$100)-(MIN(MAX(0,($A73*D$65*손익분기계산기!$B$54-손익분기계산기!$B$58-IF(입력값!$B$99="비례",MAX(0,($A73*손익분기계산기!$B$56+$A73*D$65*손익분기계산기!$B$57)-입력값!$B$96)/입력값!$B$98,ROUNDUP(MAX(0,($A73*손익분기계산기!$B$56+$A73*D$65*손익분기계산기!$B$57)-입력값!$B$96)/입력값!$B$98,0))*입력값!$B$100)*12),입력값!$A$55)*입력값!$B$55+MAX(0,MIN(MAX(0,($A73*D$65*손익분기계산기!$B$54-손익분기계산기!$B$58-IF(입력값!$B$99="비례",MAX(0,($A73*손익분기계산기!$B$56+$A73*D$65*손익분기계산기!$B$57)-입력값!$B$96)/입력값!$B$98,ROUNDUP(MAX(0,($A73*손익분기계산기!$B$56+$A73*D$65*손익분기계산기!$B$57)-입력값!$B$96)/입력값!$B$98,0))*입력값!$B$100)*12),입력값!$A$56)-입력값!$A$55)*입력값!$B$56+MAX(0,MIN(MAX(0,($A73*D$65*손익분기계산기!$B$54-손익분기계산기!$B$58-IF(입력값!$B$99="비례",MAX(0,($A73*손익분기계산기!$B$56+$A73*D$65*손익분기계산기!$B$57)-입력값!$B$96)/입력값!$B$98,ROUNDUP(MAX(0,($A73*손익분기계산기!$B$56+$A73*D$65*손익분기계산기!$B$57)-입력값!$B$96)/입력값!$B$98,0))*입력값!$B$100)*12),입력값!$A$57)-입력값!$A$56)*입력값!$B$57+MAX(0,MAX(0,($A73*D$65*손익분기계산기!$B$54-손익분기계산기!$B$58-IF(입력값!$B$99="비례",MAX(0,($A73*손익분기계산기!$B$56+$A73*D$65*손익분기계산기!$B$57)-입력값!$B$96)/입력값!$B$98,ROUNDUP(MAX(0,($A73*손익분기계산기!$B$56+$A73*D$65*손익분기계산기!$B$57)-입력값!$B$96)/입력값!$B$98,0))*입력값!$B$100)*12)-입력값!$A$57)*입력값!$B$58)*(1+입력값!$B$59)*(1-입력값!$B$60)/12))*입력값!$B$64 | E73: =(($A73*E$65*손익분기계산기!$B$54-손익분기계산기!$B$58-IF(입력값!$B$99="비례",MAX(0,($A73*손익분기계산기!$B$56+$A73*E$65*손익분기계산기!$B$57)-입력값!$B$96)/입력값!$B$98,ROUNDUP(MAX(0,($A73*손익분기계산기!$B$56+$A73*E$65*손익분기계산기!$B$57)-입력값!$B$96)/입력값!$B$98,0))*입력값!$B$100)-(MIN(MAX(0,($A73*E$65*손익분기계산기!$B$54-손익분기계산기!$B$58-IF(입력값!$B$99="비례",MAX(0,($A73*손익분기계산기!$B$56+$A73*E$65*손익분기계산기!$B$57)-입력값!$B$96)/입력값!$B$98,ROUNDUP(MAX(0,($A73*손익분기계산기!$B$56+$A73*E$65*손익분기계산기!$B$57)-입력값!$B$96)/입력값!$B$98,0))*입력값!$B$100)*12),입력값!$A$55)*입력값!$B$55+MAX(0,MIN(MAX(0,($A73*E$65*손익분기계산기!$B$54-손익분기계산기!$B$58-IF(입력값!$B$99="비례",MAX(0,($A73*손익분기계산기!$B$56+$A73*E$65*손익분기계산기!$B$57)-입력값!$B$96)/입력값!$B$98,ROUNDUP(MAX(0,($A73*손익분기계산기!$B$56+$A73*E$65*손익분기계산기!$B$57)-입력값!$B$96)/입력값!$B$98,0))*입력값!$B$100)*12),입력값!$A$56)-입력값!$A$55)*입력값!$B$56+MAX(0,MIN(MAX(0,($A73*E$65*손익분기계산기!$B$54-손익분기계산기!$B$58-IF(입력값!$B$99="비례",MAX(0,($A73*손익분기계산기!$B$56+$A73*E$65*손익분기계산기!$B$57)-입력값!$B$96)/입력값!$B$98,ROUNDUP(MAX(0,($A73*손익분기계산기!$B$56+$A73*E$65*손익분기계산기!$B$57)-입력값!$B$96)/입력값!$B$98,0))*입력값!$B$100)*12),입력값!$A$57)-입력값!$A$56)*입력값!$B$57+MAX(0,MAX(0,($A73*E$65*손익분기계산기!$B$54-손익분기계산기!$B$58-IF(입력값!$B$99="비례",MAX(0,($A73*손익분기계산기!$B$56+$A73*E$65*손익분기계산기!$B$57)-입력값!$B$96)/입력값!$B$98,ROUNDUP(MAX(0,($A73*손익분기계산기!$B$56+$A73*E$65*손익분기계산기!$B$57)-입력값!$B$96)/입력값!$B$98,0))*입력값!$B$100)*12)-입력값!$A$57)*입력값!$B$58)*(1+입력값!$B$59)*(1-입력값!$B$60)/12)-MAX(0,(($A73*E$65*손익분기계산기!$B$54-손익분기계산기!$B$58-IF(입력값!$B$99="비례",MAX(0,($A73*손익분기계산기!$B$56+$A73*E$65*손익분기계산기!$B$57)-입력값!$B$96)/입력값!$B$98,ROUNDUP(MAX(0,($A73*손익분기계산기!$B$56+$A73*E$65*손익분기계산기!$B$57)-입력값!$B$96)/입력값!$B$98,0))*입력값!$B$100)-(MIN(MAX(0,($A73*E$65*손익분기계산기!$B$54-손익분기계산기!$B$58-IF(입력값!$B$99="비례",MAX(0,($A73*손익분기계산기!$B$56+$A73*E$65*손익분기계산기!$B$57)-입력값!$B$96)/입력값!$B$98,ROUNDUP(MAX(0,($A73*손익분기계산기!$B$56+$A73*E$65*손익분기계산기!$B$57)-입력값!$B$96)/입력값!$B$98,0))*입력값!$B$100)*12),입력값!$A$55)*입력값!$B$55+MAX(0,MIN(MAX(0,($A73*E$65*손익분기계산기!$B$54-손익분기계산기!$B$58-IF(입력값!$B$99="비례",MAX(0,($A73*손익분기계산기!$B$56+$A73*E$65*손익분기계산기!$B$57)-입력값!$B$96)/입력값!$B$98,ROUNDUP(MAX(0,($A73*손익분기계산기!$B$56+$A73*E$65*손익분기계산기!$B$57)-입력값!$B$96)/입력값!$B$98,0))*입력값!$B$100)*12),입력값!$A$56)-입력값!$A$55)*입력값!$B$56+MAX(0,MIN(MAX(0,($A73*E$65*손익분기계산기!$B$54-손익분기계산기!$B$58-IF(입력값!$B$99="비례",MAX(0,($A73*손익분기계산기!$B$56+$A73*E$65*손익분기계산기!$B$57)-입력값!$B$96)/입력값!$B$98,ROUNDUP(MAX(0,($A73*손익분기계산기!$B$56+$A73*E$65*손익분기계산기!$B$57)-입력값!$B$96)/입력값!$B$98,0))*입력값!$B$100)*12),입력값!$A$57)-입력값!$A$56)*입력값!$B$57+MAX(0,MAX(0,($A73*E$65*손익분기계산기!$B$54-손익분기계산기!$B$58-IF(입력값!$B$99="비례",MAX(0,($A73*손익분기계산기!$B$56+$A73*E$65*손익분기계산기!$B$57)-입력값!$B$96)/입력값!$B$98,ROUNDUP(MAX(0,($A73*손익분기계산기!$B$56+$A73*E$65*손익분기계산기!$B$57)-입력값!$B$96)/입력값!$B$98,0))*입력값!$B$100)*12)-입력값!$A$57)*입력값!$B$58)*(1+입력값!$B$59)*(1-입력값!$B$60)/12))*입력값!$B$64 | F73: =(($A73*F$65*손익분기계산기!$B$54-손익분기계산기!$B$58-IF(입력값!$B$99="비례",MAX(0,($A73*손익분기계산기!$B$56+$A73*F$65*손익분기계산기!$B$57)-입력값!$B$96)/입력값!$B$98,ROUNDUP(MAX(0,($A73*손익분기계산기!$B$56+$A73*F$65*손익분기계산기!$B$57)-입력값!$B$96)/입력값!$B$98,0))*입력값!$B$100)-(MIN(MAX(0,($A73*F$65*손익분기계산기!$B$54-손익분기계산기!$B$58-IF(입력값!$B$99="비례",MAX(0,($A73*손익분기계산기!$B$56+$A73*F$65*손익분기계산기!$B$57)-입력값!$B$96)/입력값!$B$98,ROUNDUP(MAX(0,($A73*손익분기계산기!$B$56+$A73*F$65*손익분기계산기!$B$57)-입력값!$B$96)/입력값!$B$98,0))*입력값!$B$100)*12),입력값!$A$55)*입력값!$B$55+MAX(0,MIN(MAX(0,($A73*F$65*손익분기계산기!$B$54-손익분기계산기!$B$58-IF(입력값!$B$99="비례",MAX(0,($A73*손익분기계산기!$B$56+$A73*F$65*손익분기계산기!$B$57)-입력값!$B$96)/입력값!$B$98,ROUNDUP(MAX(0,($A73*손익분기계산기!$B$56+$A73*F$65*손익분기계산기!$B$57)-입력값!$B$96)/입력값!$B$98,0))*입력값!$B$100)*12),입력값!$A$56)-입력값!$A$55)*입력값!$B$56+MAX(0,MIN(MAX(0,($A73*F$65*손익분기계산기!$B$54-손익분기계산기!$B$58-IF(입력값!$B$99="비례",MAX(0,($A73*손익분기계산기!$B$56+$A73*F$65*손익분기계산기!$B$57)-입력값!$B$96)/입력값!$B$98,ROUNDUP(MAX(0,($A73*손익분기계산기!$B$56+$A73*F$65*손익분기계산기!$B$57)-입력값!$B$96)/입력값!$B$98,0))*입력값!$B$100)*12),입력값!$A$57)-입력값!$A$56)*입력값!$B$57+MAX(0,MAX(0,($A73*F$65*손익분기계산기!$B$54-손익분기계산기!$B$58-IF(입력값!$B$99="비례",MAX(0,($A73*손익분기계산기!$B$56+$A73*F$65*손익분기계산기!$B$57)-입력값!$B$96)/입력값!$B$98,ROUNDUP(MAX(0,($A73*손익분기계산기!$B$56+$A73*F$65*손익분기계산기!$B$57)-입력값!$B$96)/입력값!$B$98,0))*입력값!$B$100)*12)-입력값!$A$57)*입력값!$B$58)*(1+입력값!$B$59)*(1-입력값!$B$60)/12)-MAX(0,(($A73*F$65*손익분기계산기!$B$54-손익분기계산기!$B$58-IF(입력값!$B$99="비례",MAX(0,($A73*손익분기계산기!$B$56+$A73*F$65*손익분기계산기!$B$57)-입력값!$B$96)/입력값!$B$98,ROUNDUP(MAX(0,($A73*손익분기계산기!$B$56+$A73*F$65*손익분기계산기!$B$57)-입력값!$B$96)/입력값!$B$98,0))*입력값!$B$100)-(MIN(MAX(0,($A73*F$65*손익분기계산기!$B$54-손익분기계산기!$B$58-IF(입력값!$B$99="비례",MAX(0,($A73*손익분기계산기!$B$56+$A73*F$65*손익분기계산기!$B$57)-입력값!$B$96)/입력값!$B$98,ROUNDUP(MAX(0,($A73*손익분기계산기!$B$56+$A73*F$65*손익분기계산기!$B$57)-입력값!$B$96)/입력값!$B$98,0))*입력값!$B$100)*12),입력값!$A$55)*입력값!$B$55+MAX(0,MIN(MAX(0,($A73*F$65*손익분기계산기!$B$54-손익분기계산기!$B$58-IF(입력값!$B$99="비례",MAX(0,($A73*손익분기계산기!$B$56+$A73*F$65*손익분기계산기!$B$57)-입력값!$B$96)/입력값!$B$98,ROUNDUP(MAX(0,($A73*손익분기계산기!$B$56+$A73*F$65*손익분기계산기!$B$57)-입력값!$B$96)/입력값!$B$98,0))*입력값!$B$100)*12),입력값!$A$56)-입력값!$A$55)*입력값!$B$56+MAX(0,MIN(MAX(0,($A73*F$65*손익분기계산기!$B$54-손익분기계산기!$B$58-IF(입력값!$B$99="비례",MAX(0,($A73*손익분기계산기!$B$56+$A73*F$65*손익분기계산기!$B$57)-입력값!$B$96)/입력값!$B$98,ROUNDUP(MAX(0,($A73*손익분기계산기!$B$56+$A73*F$65*손익분기계산기!$B$57)-입력값!$B$96)/입력값!$B$98,0))*입력값!$B$100)*12),입력값!$A$57)-입력값!$A$56)*입력값!$B$57+MAX(0,MAX(0,($A73*F$65*손익분기계산기!$B$54-손익분기계산기!$B$58-IF(입력값!$B$99="비례",MAX(0,($A73*손익분기계산기!$B$56+$A73*F$65*손익분기계산기!$B$57)-입력값!$B$96)/입력값!$B$98,ROUNDUP(MAX(0,($A73*손익분기계산기!$B$56+$A73*F$65*손익분기계산기!$B$57)-입력값!$B$96)/입력값!$B$98,0))*입력값!$B$100)*12)-입력값!$A$57)*입력값!$B$58)*(1+입력값!$B$59)*(1-입력값!$B$60)/12))*입력값!$B$64 | G73: =(($A73*G$65*손익분기계산기!$B$54-손익분기계산기!$B$58-IF(입력값!$B$99="비례",MAX(0,($A73*손익분기계산기!$B$56+$A73*G$65*손익분기계산기!$B$57)-입력값!$B$96)/입력값!$B$98,ROUNDUP(MAX(0,($A73*손익분기계산기!$B$56+$A73*G$65*손익분기계산기!$B$57)-입력값!$B$96)/입력값!$B$98,0))*입력값!$B$100)-(MIN(MAX(0,($A73*G$65*손익분기계산기!$B$54-손익분기계산기!$B$58-IF(입력값!$B$99="비례",MAX(0,($A73*손익분기계산기!$B$56+$A73*G$65*손익분기계산기!$B$57)-입력값!$B$96)/입력값!$B$98,ROUNDUP(MAX(0,($A73*손익분기계산기!$B$56+$A73*G$65*손익분기계산기!$B$57)-입력값!$B$96)/입력값!$B$98,0))*입력값!$B$100)*12),입력값!$A$55)*입력값!$B$55+MAX(0,MIN(MAX(0,($A73*G$65*손익분기계산기!$B$54-손익분기계산기!$B$58-IF(입력값!$B$99="비례",MAX(0,($A73*손익분기계산기!$B$56+$A73*G$65*손익분기계산기!$B$57)-입력값!$B$96)/입력값!$B$98,ROUNDUP(MAX(0,($A73*손익분기계산기!$B$56+$A73*G$65*손익분기계산기!$B$57)-입력값!$B$96)/입력값!$B$98,0))*입력값!$B$100)*12),입력값!$A$56)-입력값!$A$55)*입력값!$B$56+MAX(0,MIN(MAX(0,($A73*G$65*손익분기계산기!$B$54-손익분기계산기!$B$58-IF(입력값!$B$99="비례",MAX(0,($A73*손익분기계산기!$B$56+$A73*G$65*손익분기계산기!$B$57)-입력값!$B$96)/입력값!$B$98,ROUNDUP(MAX(0,($A73*손익분기계산기!$B$56+$A73*G$65*손익분기계산기!$B$57)-입력값!$B$96)/입력값!$B$98,0))*입력값!$B$100)*12),입력값!$A$57)-입력값!$A$56)*입력값!$B$57+MAX(0,MAX(0,($A73*G$65*손익분기계산기!$B$54-손익분기계산기!$B$58-IF(입력값!$B$99="비례",MAX(0,($A73*손익분기계산기!$B$56+$A73*G$65*손익분기계산기!$B$57)-입력값!$B$96)/입력값!$B$98,ROUNDUP(MAX(0,($A73*손익분기계산기!$B$56+$A73*G$65*손익분기계산기!$B$57)-입력값!$B$96)/입력값!$B$98,0))*입력값!$B$100)*12)-입력값!$A$57)*입력값!$B$58)*(1+입력값!$B$59)*(1-입력값!$B$60)/12)-MAX(0,(($A73*G$65*손익분기계산기!$B$54-손익분기계산기!$B$58-IF(입력값!$B$99="비례",MAX(0,($A73*손익분기계산기!$B$56+$A73*G$65*손익분기계산기!$B$57)-입력값!$B$96)/입력값!$B$98,ROUNDUP(MAX(0,($A73*손익분기계산기!$B$56+$A73*G$65*손익분기계산기!$B$57)-입력값!$B$96)/입력값!$B$98,0))*입력값!$B$100)-(MIN(MAX(0,($A73*G$65*손익분기계산기!$B$54-손익분기계산기!$B$58-IF(입력값!$B$99="비례",MAX(0,($A73*손익분기계산기!$B$56+$A73*G$65*손익분기계산기!$B$57)-입력값!$B$96)/입력값!$B$98,ROUNDUP(MAX(0,($A73*손익분기계산기!$B$56+$A73*G$65*손익분기계산기!$B$57)-입력값!$B$96)/입력값!$B$98,0))*입력값!$B$100)*12),입력값!$A$55)*입력값!$B$55+MAX(0,MIN(MAX(0,($A73*G$65*손익분기계산기!$B$54-손익분기계산기!$B$58-IF(입력값!$B$99="비례",MAX(0,($A73*손익분기계산기!$B$56+$A73*G$65*손익분기계산기!$B$57)-입력값!$B$96)/입력값!$B$98,ROUNDUP(MAX(0,($A73*손익분기계산기!$B$56+$A73*G$65*손익분기계산기!$B$57)-입력값!$B$96)/입력값!$B$98,0))*입력값!$B$100)*12),입력값!$A$56)-입력값!$A$55)*입력값!$B$56+MAX(0,MIN(MAX(0,($A73*G$65*손익분기계산기!$B$54-손익분기계산기!$B$58-IF(입력값!$B$99="비례",MAX(0,($A73*손익분기계산기!$B$56+$A73*G$65*손익분기계산기!$B$57)-입력값!$B$96)/입력값!$B$98,ROUNDUP(MAX(0,($A73*손익분기계산기!$B$56+$A73*G$65*손익분기계산기!$B$57)-입력값!$B$96)/입력값!$B$98,0))*입력값!$B$100)*12),입력값!$A$57)-입력값!$A$56)*입력값!$B$57+MAX(0,MAX(0,($A73*G$65*손익분기계산기!$B$54-손익분기계산기!$B$58-IF(입력값!$B$99="비례",MAX(0,($A73*손익분기계산기!$B$56+$A73*G$65*손익분기계산기!$B$57)-입력값!$B$96)/입력값!$B$98,ROUNDUP(MAX(0,($A73*손익분기계산기!$B$56+$A73*G$65*손익분기계산기!$B$57)-입력값!$B$96)/입력값!$B$98,0))*입력값!$B$100)*12)-입력값!$A$57)*입력값!$B$58)*(1+입력값!$B$59)*(1-입력값!$B$60)/12))*입력값!$B$64 | H73: =(($A73*H$65*손익분기계산기!$B$54-손익분기계산기!$B$58-IF(입력값!$B$99="비례",MAX(0,($A73*손익분기계산기!$B$56+$A73*H$65*손익분기계산기!$B$57)-입력값!$B$96)/입력값!$B$98,ROUNDUP(MAX(0,($A73*손익분기계산기!$B$56+$A73*H$65*손익분기계산기!$B$57)-입력값!$B$96)/입력값!$B$98,0))*입력값!$B$100)-(MIN(MAX(0,($A73*H$65*손익분기계산기!$B$54-손익분기계산기!$B$58-IF(입력값!$B$99="비례",MAX(0,($A73*손익분기계산기!$B$56+$A73*H$65*손익분기계산기!$B$57)-입력값!$B$96)/입력값!$B$98,ROUNDUP(MAX(0,($A73*손익분기계산기!$B$56+$A73*H$65*손익분기계산기!$B$57)-입력값!$B$96)/입력값!$B$98,0))*입력값!$B$100)*12),입력값!$A$55)*입력값!$B$55+MAX(0,MIN(MAX(0,($A73*H$65*손익분기계산기!$B$54-손익분기계산기!$B$58-IF(입력값!$B$99="비례",MAX(0,($A73*손익분기계산기!$B$56+$A73*H$65*손익분기계산기!$B$57)-입력값!$B$96)/입력값!$B$98,ROUNDUP(MAX(0,($A73*손익분기계산기!$B$56+$A73*H$65*손익분기계산기!$B$57)-입력값!$B$96)/입력값!$B$98,0))*입력값!$B$100)*12),입력값!$A$56)-입력값!$A$55)*입력값!$B$56+MAX(0,MIN(MAX(0,($A73*H$65*손익분기계산기!$B$54-손익분기계산기!$B$58-IF(입력값!$B$99="비례",MAX(0,($A73*손익분기계산기!$B$56+$A73*H$65*손익분기계산기!$B$57)-입력값!$B$96)/입력값!$B$98,ROUNDUP(MAX(0,($A73*손익분기계산기!$B$56+$A73*H$65*손익분기계산기!$B$57)-입력값!$B$96)/입력값!$B$98,0))*입력값!$B$100)*12),입력값!$A$57)-입력값!$A$56)*입력값!$B$57+MAX(0,MAX(0,($A73*H$65*손익분기계산기!$B$54-손익분기계산기!$B$58-IF(입력값!$B$99="비례",MAX(0,($A73*손익분기계산기!$B$56+$A73*H$65*손익분기계산기!$B$57)-입력값!$B$96)/입력값!$B$98,ROUNDUP(MAX(0,($A73*손익분기계산기!$B$56+$A73*H$65*손익분기계산기!$B$57)-입력값!$B$96)/입력값!$B$98,0))*입력값!$B$100)*12)-입력값!$A$57)*입력값!$B$58)*(1+입력값!$B$59)*(1-입력값!$B$60)/12)-MAX(0,(($A73*H$65*손익분기계산기!$B$54-손익분기계산기!$B$58-IF(입력값!$B$99="비례",MAX(0,($A73*손익분기계산기!$B$56+$A73*H$65*손익분기계산기!$B$57)-입력값!$B$96)/입력값!$B$98,ROUNDUP(MAX(0,($A73*손익분기계산기!$B$56+$A73*H$65*손익분기계산기!$B$57)-입력값!$B$96)/입력값!$B$98,0))*입력값!$B$100)-(MIN(MAX(0,($A73*H$65*손익분기계산기!$B$54-손익분기계산기!$B$58-IF(입력값!$B$99="비례",MAX(0,($A73*손익분기계산기!$B$56+$A73*H$65*손익분기계산기!$B$57)-입력값!$B$96)/입력값!$B$98,ROUNDUP(MAX(0,($A73*손익분기계산기!$B$56+$A73*H$65*손익분기계산기!$B$57)-입력값!$B$96)/입력값!$B$98,0))*입력값!$B$100)*12),입력값!$A$55)*입력값!$B$55+MAX(0,MIN(MAX(0,($A73*H$65*손익분기계산기!$B$54-손익분기계산기!$B$58-IF(입력값!$B$99="비례",MAX(0,($A73*손익분기계산기!$B$56+$A73*H$65*손익분기계산기!$B$57)-입력값!$B$96)/입력값!$B$98,ROUNDUP(MAX(0,($A73*손익분기계산기!$B$56+$A73*H$65*손익분기계산기!$B$57)-입력값!$B$96)/입력값!$B$98,0))*입력값!$B$100)*12),입력값!$A$56)-입력값!$A$55)*입력값!$B$56+MAX(0,MIN(MAX(0,($A73*H$65*손익분기계산기!$B$54-손익분기계산기!$B$58-IF(입력값!$B$99="비례",MAX(0,($A73*손익분기계산기!$B$56+$A73*H$65*손익분기계산기!$B$57)-입력값!$B$96)/입력값!$B$98,ROUNDUP(MAX(0,($A73*손익분기계산기!$B$56+$A73*H$65*손익분기계산기!$B$57)-입력값!$B$96)/입력값!$B$98,0))*입력값!$B$100)*12),입력값!$A$57)-입력값!$A$56)*입력값!$B$57+MAX(0,MAX(0,($A73*H$65*손익분기계산기!$B$54-손익분기계산기!$B$58-IF(입력값!$B$99="비례",MAX(0,($A73*손익분기계산기!$B$56+$A73*H$65*손익분기계산기!$B$57)-입력값!$B$96)/입력값!$B$98,ROUNDUP(MAX(0,($A73*손익분기계산기!$B$56+$A73*H$65*손익분기계산기!$B$57)-입력값!$B$96)/입력값!$B$98,0))*입력값!$B$100)*12)-입력값!$A$57)*입력값!$B$58)*(1+입력값!$B$59)*(1-입력값!$B$60)/12))*입력값!$B$64 | I73: =(($A73*I$65*손익분기계산기!$B$54-손익분기계산기!$B$58-IF(입력값!$B$99="비례",MAX(0,($A73*손익분기계산기!$B$56+$A73*I$65*손익분기계산기!$B$57)-입력값!$B$96)/입력값!$B$98,ROUNDUP(MAX(0,($A73*손익분기계산기!$B$56+$A73*I$65*손익분기계산기!$B$57)-입력값!$B$96)/입력값!$B$98,0))*입력값!$B$100)-(MIN(MAX(0,($A73*I$65*손익분기계산기!$B$54-손익분기계산기!$B$58-IF(입력값!$B$99="비례",MAX(0,($A73*손익분기계산기!$B$56+$A73*I$65*손익분기계산기!$B$57)-입력값!$B$96)/입력값!$B$98,ROUNDUP(MAX(0,($A73*손익분기계산기!$B$56+$A73*I$65*손익분기계산기!$B$57)-입력값!$B$96)/입력값!$B$98,0))*입력값!$B$100)*12),입력값!$A$55)*입력값!$B$55+MAX(0,MIN(MAX(0,($A73*I$65*손익분기계산기!$B$54-손익분기계산기!$B$58-IF(입력값!$B$99="비례",MAX(0,($A73*손익분기계산기!$B$56+$A73*I$65*손익분기계산기!$B$57)-입력값!$B$96)/입력값!$B$98,ROUNDUP(MAX(0,($A73*손익분기계산기!$B$56+$A73*I$65*손익분기계산기!$B$57)-입력값!$B$96)/입력값!$B$98,0))*입력값!$B$100)*12),입력값!$A$56)-입력값!$A$55)*입력값!$B$56+MAX(0,MIN(MAX(0,($A73*I$65*손익분기계산기!$B$54-손익분기계산기!$B$58-IF(입력값!$B$99="비례",MAX(0,($A73*손익분기계산기!$B$56+$A73*I$65*손익분기계산기!$B$57)-입력값!$B$96)/입력값!$B$98,ROUNDUP(MAX(0,($A73*손익분기계산기!$B$56+$A73*I$65*손익분기계산기!$B$57)-입력값!$B$96)/입력값!$B$98,0))*입력값!$B$100)*12),입력값!$A$57)-입력값!$A$56)*입력값!$B$57+MAX(0,MAX(0,($A73*I$65*손익분기계산기!$B$54-손익분기계산기!$B$58-IF(입력값!$B$99="비례",MAX(0,($A73*손익분기계산기!$B$56+$A73*I$65*손익분기계산기!$B$57)-입력값!$B$96)/입력값!$B$98,ROUNDUP(MAX(0,($A73*손익분기계산기!$B$56+$A73*I$65*손익분기계산기!$B$57)-입력값!$B$96)/입력값!$B$98,0))*입력값!$B$100)*12)-입력값!$A$57)*입력값!$B$58)*(1+입력값!$B$59)*(1-입력값!$B$60)/12)-MAX(0,(($A73*I$65*손익분기계산기!$B$54-손익분기계산기!$B$58-IF(입력값!$B$99="비례",MAX(0,($A73*손익분기계산기!$B$56+$A73*I$65*손익분기계산기!$B$57)-입력값!$B$96)/입력값!$B$98,ROUNDUP(MAX(0,($A73*손익분기계산기!$B$56+$A73*I$65*손익분기계산기!$B$57)-입력값!$B$96)/입력값!$B$98,0))*입력값!$B$100)-(MIN(MAX(0,($A73*I$65*손익분기계산기!$B$54-손익분기계산기!$B$58-IF(입력값!$B$99="비례",MAX(0,($A73*손익분기계산기!$B$56+$A73*I$65*손익분기계산기!$B$57)-입력값!$B$96)/입력값!$B$98,ROUNDUP(MAX(0,($A73*손익분기계산기!$B$56+$A73*I$65*손익분기계산기!$B$57)-입력값!$B$96)/입력값!$B$98,0))*입력값!$B$100)*12),입력값!$A$55)*입력값!$B$55+MAX(0,MIN(MAX(0,($A73*I$65*손익분기계산기!$B$54-손익분기계산기!$B$58-IF(입력값!$B$99="비례",MAX(0,($A73*손익분기계산기!$B$56+$A73*I$65*손익분기계산기!$B$57)-입력값!$B$96)/입력값!$B$98,ROUNDUP(MAX(0,($A73*손익분기계산기!$B$56+$A73*I$65*손익분기계산기!$B$57)-입력값!$B$96)/입력값!$B$98,0))*입력값!$B$100)*12),입력값!$A$56)-입력값!$A$55)*입력값!$B$56+MAX(0,MIN(MAX(0,($A73*I$65*손익분기계산기!$B$54-손익분기계산기!$B$58-IF(입력값!$B$99="비례",MAX(0,($A73*손익분기계산기!$B$56+$A73*I$65*손익분기계산기!$B$57)-입력값!$B$96)/입력값!$B$98,ROUNDUP(MAX(0,($A73*손익분기계산기!$B$56+$A73*I$65*손익분기계산기!$B$57)-입력값!$B$96)/입력값!$B$98,0))*입력값!$B$100)*12),입력값!$A$57)-입력값!$A$56)*입력값!$B$57+MAX(0,MAX(0,($A73*I$65*손익분기계산기!$B$54-손익분기계산기!$B$58-IF(입력값!$B$99="비례",MAX(0,($A73*손익분기계산기!$B$56+$A73*I$65*손익분기계산기!$B$57)-입력값!$B$96)/입력값!$B$98,ROUNDUP(MAX(0,($A73*손익분기계산기!$B$56+$A73*I$65*손익분기계산기!$B$57)-입력값!$B$96)/입력값!$B$98,0))*입력값!$B$100)*12)-입력값!$A$57)*입력값!$B$58)*(1+입력값!$B$59)*(1-입력값!$B$60)/12))*입력값!$B$64
